sequence_id	sequence_name	skill_rows	weapon_class_index	weapon_class	weapon_class_id	available	array_name	runtime_group_rva	runtime_descriptor_rva	runtime_records_rva	static_group_seed_rvas	static_records_seed_rvas	sequence_frame_count	animation_frame_count	descriptor_extra
1	Jab	ama:Jab	0	HTH	0	1	gPlayerSequenceHandToHand1	0x2383150	0x2383150	0x2382FB0	0x1990A50	0x1993EB0	13	13	0x100
1	Jab	ama:Jab	1	1HT	3	1	gPlayerSequenceJab_BOW	0x2383150	0x2383168	0x2383060	0x1990A50	0x1993290	18	18	0x100
1	Jab	ama:Jab	2	2HT	6	1	gPlayerSequenceJab_1HS	0x2383150	0x2383180	0x23830D0	0x1990A50	0x1992B70	21	21	0x100
1	Jab	ama:Jab	3	1HS	2	0		0x2383150	0x2383198		0x1990A50		0	0	0x100
1	Jab	ama:Jab	4	2HS	5	0		0x2383150	0x23831B0		0x1990A50		0	0	0x100
1	Jab	ama:Jab	5	BOW	1	0		0x2383150	0x23831C8		0x1990A50		0	0	0x100
1	Jab	ama:Jab	6	XBW	7	0		0x2383150	0x23831E0		0x1990A50		0	0	0x100
1	Jab	ama:Jab	7	STF	4	0		0x2383150	0x23831F8		0x1990A50		0	0	0x100
1	Jab	ama:Jab	8	1JS	8	0		0x2383150	0x2383210		0x1990A50		0	0	0x100
1	Jab	ama:Jab	9	1JT	9	0		0x2383150	0x2383228		0x1990A50		0	0	0x100
1	Jab	ama:Jab	10	1SS	10	0		0x2383150	0x2383240		0x1990A50		0	0	0x100
1	Jab	ama:Jab	11	1ST	11	0		0x2383150	0x2383258		0x1990A50		0	0	0x100
1	Jab	ama:Jab	12	HT1	12	0		0x2383150	0x2383270		0x1990A50		0	0	0x100
1	Jab	ama:Jab	13	HT2	13	0		0x2383150	0x2383288		0x1990A50		0	0	0x100
2	Sacrifice	pal:Sacrifice	0	HTH	0	1	gPlayerSequenceHandToHand2	0x2383300	0x2383300	0x2383000	0x1992FA0	0x1991BE0	14	14	0x100
2	Sacrifice	pal:Sacrifice	1	1HT	3	0		0x2383300	0x2383318		0x1992FA0		0	0	0x100
2	Sacrifice	pal:Sacrifice	2	2HT	6	0		0x2383300	0x2383330		0x1992FA0		0	0	0x100
2	Sacrifice	pal:Sacrifice	3	1HS	2	1	gPlayerSequenceSacrifice_1HT	0x2383300	0x2383348	0x23832A0	0x1992FA0	0x1993B18	7	7	0x100
2	Sacrifice	pal:Sacrifice	4	2HS	5	1	gPlayerSequenceSacrifice_STF	0x2383300	0x2383360	0x23832D0	0x1992FA0	0x19909F8	8	8	0x100
2	Sacrifice	pal:Sacrifice	5	BOW	1	0		0x2383300	0x2383378		0x1992FA0		0	0	0x100
2	Sacrifice	pal:Sacrifice	6	XBW	7	0		0x2383300	0x2383390		0x1992FA0		0	0	0x100
2	Sacrifice	pal:Sacrifice	7	STF	4	0		0x2383300	0x23833A8		0x1992FA0		0	0	0x100
2	Sacrifice	pal:Sacrifice	8	1JS	8	0		0x2383300	0x23833C0		0x1992FA0		0	0	0x100
2	Sacrifice	pal:Sacrifice	9	1JT	9	0		0x2383300	0x23833D8		0x1992FA0		0	0	0x100
2	Sacrifice	pal:Sacrifice	10	1SS	10	0		0x2383300	0x23833F0		0x1992FA0		0	0	0x100
2	Sacrifice	pal:Sacrifice	11	1ST	11	0		0x2383300	0x2383408		0x1992FA0		0	0	0x100
2	Sacrifice	pal:Sacrifice	12	HT1	12	0		0x2383300	0x2383420		0x1992FA0		0	0	0x100
2	Sacrifice	pal:Sacrifice	13	HT2	13	0		0x2383300	0x2383438		0x1992FA0		0	0	0x100
3	Chastise		0	HTH	0	1	gPlayerSequenceHandToHand2	0x23834B0	0x23834B0	0x2383000	0x1991540	0x1991BE0	14	14	0x100
3	Chastise		1	1HT	3	0		0x23834B0	0x23834C8		0x1991540		0	0	0x100
3	Chastise		2	2HT	6	0		0x23834B0	0x23834E0		0x1991540		0	0	0x100
3	Chastise		3	1HS	2	1	gPlayerSequenceChastise_1HT	0x23834B0	0x23834F8	0x2383450	0x1991540	0x1993300	16	16	0x100
3	Chastise		4	2HS	5	0		0x23834B0	0x2383510		0x1991540		0	0	0x100
3	Chastise		5	BOW	1	0		0x23834B0	0x2383528		0x1991540		0	0	0x100
3	Chastise		6	XBW	7	0		0x23834B0	0x2383540		0x1991540		0	0	0x100
3	Chastise		7	STF	4	0		0x23834B0	0x2383558		0x1991540		0	0	0x100
3	Chastise		8	1JS	8	0		0x23834B0	0x2383570		0x1991540		0	0	0x100
3	Chastise		9	1JT	9	0		0x23834B0	0x2383588		0x1991540		0	0	0x100
3	Chastise		10	1SS	10	0		0x23834B0	0x23835A0		0x1991540		0	0	0x100
3	Chastise		11	1ST	11	0		0x23834B0	0x23835B8		0x1991540		0	0	0x100
3	Chastise		12	HT1	12	0		0x23834B0	0x23835D0		0x1991540		0	0	0x100
3	Chastise		13	HT2	13	0		0x23834B0	0x23835E8		0x1991540		0	0	0x100
4	Charge	pal:Charge	0	HTH	0	1	gPlayerSequenceCharge	0x2383660	0x2383660	0x2383600	0x1991A90	0x1992F40	15	15	0x100
4	Charge	pal:Charge	1	1HT	3	1	gPlayerSequenceCharge	0x2383660	0x2383678	0x2383600	0x1991A90	0x1992F40	15	15	0x100
4	Charge	pal:Charge	2	2HT	6	1	gPlayerSequenceCharge	0x2383660	0x2383690	0x2383600	0x1991A90	0x1992F40	15	15	0x100
4	Charge	pal:Charge	3	1HS	2	1	gPlayerSequenceCharge	0x2383660	0x23836A8	0x2383600	0x1991A90	0x1992F40	15	15	0x100
4	Charge	pal:Charge	4	2HS	5	1	gPlayerSequenceCharge	0x2383660	0x23836C0	0x2383600	0x1991A90	0x1992F40	15	15	0x100
4	Charge	pal:Charge	5	BOW	1	0		0x2383660	0x23836D8		0x1991A90		0	0	0x100
4	Charge	pal:Charge	6	XBW	7	0		0x2383660	0x23836F0		0x1991A90		0	0	0x100
4	Charge	pal:Charge	7	STF	4	1	gPlayerSequenceCharge	0x2383660	0x2383708	0x2383600	0x1991A90	0x1992F40	15	15	0x100
4	Charge	pal:Charge	8	1JS	8	0		0x2383660	0x2383720		0x1991A90		0	0	0x100
4	Charge	pal:Charge	9	1JT	9	0		0x2383660	0x2383738		0x1991A90		0	0	0x100
4	Charge	pal:Charge	10	1SS	10	0		0x2383660	0x2383750		0x1991A90		0	0	0x100
4	Charge	pal:Charge	11	1ST	11	0		0x2383660	0x2383768		0x1991A90		0	0	0x100
4	Charge	pal:Charge	12	HT1	12	0		0x2383660	0x2383780		0x1991A90		0	0	0x100
4	Charge	pal:Charge	13	HT2	13	0		0x2383660	0x2383798		0x1991A90		0	0	0x100
5	Defiance	pal:Conviction	0	HTH	0	1	gPlayerSequenceHandToHand2	0x23837E0	0x23837E0	0x2383000	0x1991EB0	0x1991BE0	14	14	0x100
5	Defiance	pal:Conviction	1	1HT	3	0		0x23837E0	0x23837F8		0x1991EB0		0	0	0x100
5	Defiance	pal:Conviction	2	2HT	6	0		0x23837E0	0x2383810		0x1991EB0		0	0	0x100
5	Defiance	pal:Conviction	3	1HS	2	1	gPlayerSequenceDefiance_1HT	0x23837E0	0x2383828	0x23837B0	0x1991EB0	0x1990948	6	6	0x100
5	Defiance	pal:Conviction	4	2HS	5	0		0x23837E0	0x2383840		0x1991EB0		0	0	0x100
5	Defiance	pal:Conviction	5	BOW	1	0		0x23837E0	0x2383858		0x1991EB0		0	0	0x100
5	Defiance	pal:Conviction	6	XBW	7	0		0x23837E0	0x2383870		0x1991EB0		0	0	0x100
5	Defiance	pal:Conviction	7	STF	4	0		0x23837E0	0x2383888		0x1991EB0		0	0	0x100
5	Defiance	pal:Conviction	8	1JS	8	0		0x23837E0	0x23838A0		0x1991EB0		0	0	0x100
5	Defiance	pal:Conviction	9	1JT	9	0		0x23837E0	0x23838B8		0x1991EB0		0	0	0x100
5	Defiance	pal:Conviction	10	1SS	10	0		0x23837E0	0x23838D0		0x1991EB0		0	0	0x100
5	Defiance	pal:Conviction	11	1ST	11	0		0x23837E0	0x23838E8		0x1991EB0		0	0	0x100
5	Defiance	pal:Conviction	12	HT1	12	0		0x23837E0	0x2383900		0x1991EB0		0	0	0x100
5	Defiance	pal:Conviction	13	HT2	13	0		0x23837E0	0x2383918		0x1991EB0		0	0	0x100
6	Inferno	sor:Inferno|war:Bind Demon	0	HTH	0	1	gPlayerSequenceInferno	0x2383990	0x2383990	0x2383930	0x1992660|0x1992DF0	0x1992D30|0x1993680	15	15	0x100
6	Inferno	sor:Inferno|war:Bind Demon	1	1HT	3	1	gPlayerSequenceInferno	0x2383990	0x23839A8	0x2383930	0x1992660|0x1992DF0	0x1992D30|0x1993680	15	15	0x100
6	Inferno	sor:Inferno|war:Bind Demon	2	2HT	6	1	gPlayerSequenceInferno	0x2383990	0x23839C0	0x2383930	0x1992660|0x1992DF0	0x1992D30|0x1993680	15	15	0x100
6	Inferno	sor:Inferno|war:Bind Demon	3	1HS	2	1	gPlayerSequenceInferno	0x2383990	0x23839D8	0x2383930	0x1992660|0x1992DF0	0x1992D30|0x1993680	15	15	0x100
6	Inferno	sor:Inferno|war:Bind Demon	4	2HS	5	1	gPlayerSequenceInferno	0x2383990	0x23839F0	0x2383930	0x1992660|0x1992DF0	0x1992D30|0x1993680	15	15	0x100
6	Inferno	sor:Inferno|war:Bind Demon	5	BOW	1	1	gPlayerSequenceInferno	0x2383990	0x2383A08	0x2383930	0x1992660|0x1992DF0	0x1992D30|0x1993680	15	15	0x100
6	Inferno	sor:Inferno|war:Bind Demon	6	XBW	7	1	gPlayerSequenceInferno	0x2383990	0x2383A20	0x2383930	0x1992660|0x1992DF0	0x1992D30|0x1993680	15	15	0x100
6	Inferno	sor:Inferno|war:Bind Demon	7	STF	4	1	gPlayerSequenceInferno	0x2383990	0x2383A38	0x2383930	0x1992660|0x1992DF0	0x1992D30|0x1993680	15	15	0x100
6	Inferno	sor:Inferno|war:Bind Demon	8	1JS	8	1	gPlayerSequenceInferno	0x2383990	0x2383A50	0x2383930	0x1992660|0x1992DF0	0x1992D30|0x1993680	15	15	0x100
6	Inferno	sor:Inferno|war:Bind Demon	9	1JT	9	1	gPlayerSequenceInferno	0x2383990	0x2383A68	0x2383930	0x1992660|0x1992DF0	0x1992D30|0x1993680	15	15	0x100
6	Inferno	sor:Inferno|war:Bind Demon	10	1SS	10	1	gPlayerSequenceInferno	0x2383990	0x2383A80	0x2383930	0x1992660|0x1992DF0	0x1992D30|0x1993680	15	15	0x100
6	Inferno	sor:Inferno|war:Bind Demon	11	1ST	11	1	gPlayerSequenceInferno	0x2383990	0x2383A98	0x2383930	0x1992660|0x1992DF0	0x1992D30|0x1993680	15	15	0x100
6	Inferno	sor:Inferno|war:Bind Demon	12	HT1	12	1	gPlayerSequenceInferno	0x2383990	0x2383AB0	0x2383930	0x1992660|0x1992DF0	0x1992D30|0x1993680	15	15	0x100
6	Inferno	sor:Inferno|war:Bind Demon	13	HT2	13	1	gPlayerSequenceInferno	0x2383990	0x2383AC8	0x2383930	0x1992660|0x1992DF0	0x1992D30|0x1993680	15	15	0x100
7	Strafe		0	HTH	0	1	gPlayerSequenceHandToHand1	0x2383BB0	0x2383BB0	0x2382FB0	0x1991940	0x1993EB0	13	13	0x100
7	Strafe		1	1HT	3	0		0x2383BB0	0x2383BC8		0x1991940		0	0	0x100
7	Strafe		2	2HT	6	0		0x2383BB0	0x2383BE0		0x1991940		0	0	0x100
7	Strafe		3	1HS	2	0		0x2383BB0	0x2383BF8		0x1991940		0	0	0x100
7	Strafe		4	2HS	5	0		0x2383BB0	0x2383C10		0x1991940		0	0	0x100
7	Strafe		5	BOW	1	1	gPlayerSequenceStrafe_2HS	0x2383BB0	0x2383C28	0x2383AE0	0x1991940	0x19921D0	13	13	0x100
7	Strafe		6	XBW	7	1	gPlayerSequenceStrafe_2HT	0x2383BB0	0x2383C40	0x2383B30	0x1991940	0x19935D0	20	20	0x100
7	Strafe		7	STF	4	0		0x2383BB0	0x2383C58		0x1991940		0	0	0x100
7	Strafe		8	1JS	8	0		0x2383BB0	0x2383C70		0x1991940		0	0	0x100
7	Strafe		9	1JT	9	0		0x2383BB0	0x2383C88		0x1991940		0	0	0x100
7	Strafe		10	1SS	10	0		0x2383BB0	0x2383CA0		0x1991940		0	0	0x100
7	Strafe		11	1ST	11	0		0x2383BB0	0x2383CB8		0x1991940		0	0	0x100
7	Strafe		12	HT1	12	0		0x2383BB0	0x2383CD0		0x1991940		0	0	0x100
7	Strafe		13	HT2	13	0		0x2383BB0	0x2383CE8		0x1991940		0	0	0x100
8	Impale	ama:Impale	0	HTH	0	1	gPlayerSequenceHandToHand1	0x2383E10	0x2383E10	0x2382FB0	0x1992A20	0x1993EB0	13	13	0x100
8	Impale	ama:Impale	1	1HT	3	1	gPlayerSequenceImpale_BOW	0x2383E10	0x2383E28	0x2383D00	0x1992A20	0x1992000	21	21	0x100
8	Impale	ama:Impale	2	2HT	6	1	gPlayerSequenceImpale_1HS	0x2383E10	0x2383E40	0x2383D80	0x1992A20	0x19927B0	24	24	0x100
8	Impale	ama:Impale	3	1HS	2	0		0x2383E10	0x2383E58		0x1992A20		0	0	0x100
8	Impale	ama:Impale	4	2HS	5	0		0x2383E10	0x2383E70		0x1992A20		0	0	0x100
8	Impale	ama:Impale	5	BOW	1	0		0x2383E10	0x2383E88		0x1992A20		0	0	0x100
8	Impale	ama:Impale	6	XBW	7	0		0x2383E10	0x2383EA0		0x1992A20		0	0	0x100
8	Impale	ama:Impale	7	STF	4	0		0x2383E10	0x2383EB8		0x1992A20		0	0	0x100
8	Impale	ama:Impale	8	1JS	8	0		0x2383E10	0x2383ED0		0x1992A20		0	0	0x100
8	Impale	ama:Impale	9	1JT	9	0		0x2383E10	0x2383EE8		0x1992A20		0	0	0x100
8	Impale	ama:Impale	10	1SS	10	0		0x2383E10	0x2383F00		0x1992A20		0	0	0x100
8	Impale	ama:Impale	11	1ST	11	0		0x2383E10	0x2383F18		0x1992A20		0	0	0x100
8	Impale	ama:Impale	12	HT1	12	0		0x2383E10	0x2383F30		0x1992A20		0	0	0x100
8	Impale	ama:Impale	13	HT2	13	0		0x2383E10	0x2383F48		0x1992A20		0	0	0x100
9	Fend	ama:Fend	0	HTH	0	1	gPlayerSequenceHandToHand1	0x2384020	0x2384020	0x2382FB0	0x1993980	0x1993EB0	13	13	0x100
9	Fend	ama:Fend	1	1HT	3	1	gPlayerSequenceFend_BOW	0x2384020	0x2384038	0x2383F60	0x1993980	0x1993BC0	16	16	0x100
9	Fend	ama:Fend	2	2HT	6	1	gPlayerSequenceFend_1HS	0x2384020	0x2384050	0x2383FC0	0x1993980	0x1992D90	16	16	0x100
9	Fend	ama:Fend	3	1HS	2	0		0x2384020	0x2384068		0x1993980		0	0	0x100
9	Fend	ama:Fend	4	2HS	5	0		0x2384020	0x2384080		0x1993980		0	0	0x100
9	Fend	ama:Fend	5	BOW	1	0		0x2384020	0x2384098		0x1993980		0	0	0x100
9	Fend	ama:Fend	6	XBW	7	0		0x2384020	0x23840B0		0x1993980		0	0	0x100
9	Fend	ama:Fend	7	STF	4	0		0x2384020	0x23840C8		0x1993980		0	0	0x100
9	Fend	ama:Fend	8	1JS	8	0		0x2384020	0x23840E0		0x1993980		0	0	0x100
9	Fend	ama:Fend	9	1JT	9	0		0x2384020	0x23840F8		0x1993980		0	0	0x100
9	Fend	ama:Fend	10	1SS	10	0		0x2384020	0x2384110		0x1993980		0	0	0x100
9	Fend	ama:Fend	11	1ST	11	0		0x2384020	0x2384128		0x1993980		0	0	0x100
9	Fend	ama:Fend	12	HT1	12	0		0x2384020	0x2384140		0x1993980		0	0	0x100
9	Fend	ama:Fend	13	HT2	13	0		0x2384020	0x2384158		0x1993980		0	0	0x100
10	Whirlwind	bar:Whirlwind	0	HTH	0	1	gPlayerSequenceWhirlwind	0x23841A0	0x23841A0	0x2384170	0x1991390	0x1990D58	8	8	0x100
10	Whirlwind	bar:Whirlwind	1	1HT	3	1	gPlayerSequenceWhirlwind	0x23841A0	0x23841B8	0x2384170	0x1991390	0x1990D58	8	8	0x100
10	Whirlwind	bar:Whirlwind	2	2HT	6	1	gPlayerSequenceWhirlwind	0x23841A0	0x23841D0	0x2384170	0x1991390	0x1990D58	8	8	0x100
10	Whirlwind	bar:Whirlwind	3	1HS	2	1	gPlayerSequenceWhirlwind	0x23841A0	0x23841E8	0x2384170	0x1991390	0x1990D58	8	8	0x100
10	Whirlwind	bar:Whirlwind	4	2HS	5	1	gPlayerSequenceWhirlwind	0x23841A0	0x2384200	0x2384170	0x1991390	0x1990D58	8	8	0x100
10	Whirlwind	bar:Whirlwind	5	BOW	1	0		0x23841A0	0x2384218		0x1991390		0	0	0x100
10	Whirlwind	bar:Whirlwind	6	XBW	7	0		0x23841A0	0x2384230		0x1991390		0	0	0x100
10	Whirlwind	bar:Whirlwind	7	STF	4	1	gPlayerSequenceWhirlwind	0x23841A0	0x2384248	0x2384170	0x1991390	0x1990D58	8	8	0x100
10	Whirlwind	bar:Whirlwind	8	1JS	8	1	gPlayerSequenceWhirlwind	0x23841A0	0x2384260	0x2384170	0x1991390	0x1990D58	8	8	0x100
10	Whirlwind	bar:Whirlwind	9	1JT	9	1	gPlayerSequenceWhirlwind	0x23841A0	0x2384278	0x2384170	0x1991390	0x1990D58	8	8	0x100
10	Whirlwind	bar:Whirlwind	10	1SS	10	1	gPlayerSequenceWhirlwind	0x23841A0	0x2384290	0x2384170	0x1991390	0x1990D58	8	8	0x100
10	Whirlwind	bar:Whirlwind	11	1ST	11	1	gPlayerSequenceWhirlwind	0x23841A0	0x23842A8	0x2384170	0x1991390	0x1990D58	8	8	0x100
10	Whirlwind	bar:Whirlwind	12	HT1	12	1	gPlayerSequenceWhirlwind	0x23841A0	0x23842C0	0x2384170	0x1991390	0x1990D58	8	8	0x100
10	Whirlwind	bar:Whirlwind	13	HT2	13	1	gPlayerSequenceWhirlwind	0x23841A0	0x23842D8	0x2384170	0x1991390	0x1990D58	8	8	0x100
11	DoubleSwing	bar:Double Swing|bar:Frenzy	0	HTH	0	1	gPlayerSequenceDoubleSwing	0x2384360	0x2384360	0x23842F0	0x19936E0	0x19934B0	17	17	0x100
11	DoubleSwing	bar:Double Swing|bar:Frenzy	1	1HT	3	1	gPlayerSequenceDoubleSwing	0x2384360	0x2384378	0x23842F0	0x19936E0	0x19934B0	17	17	0x100
11	DoubleSwing	bar:Double Swing|bar:Frenzy	2	2HT	6	1	gPlayerSequenceDoubleSwing	0x2384360	0x2384390	0x23842F0	0x19936E0	0x19934B0	17	17	0x100
11	DoubleSwing	bar:Double Swing|bar:Frenzy	3	1HS	2	1	gPlayerSequenceDoubleSwing	0x2384360	0x23843A8	0x23842F0	0x19936E0	0x19934B0	17	17	0x100
11	DoubleSwing	bar:Double Swing|bar:Frenzy	4	2HS	5	1	gPlayerSequenceDoubleSwing	0x2384360	0x23843C0	0x23842F0	0x19936E0	0x19934B0	17	17	0x100
11	DoubleSwing	bar:Double Swing|bar:Frenzy	5	BOW	1	1	gPlayerSequenceDoubleSwing	0x2384360	0x23843D8	0x23842F0	0x19936E0	0x19934B0	17	17	0x100
11	DoubleSwing	bar:Double Swing|bar:Frenzy	6	XBW	7	1	gPlayerSequenceDoubleSwing	0x2384360	0x23843F0	0x23842F0	0x19936E0	0x19934B0	17	17	0x100
11	DoubleSwing	bar:Double Swing|bar:Frenzy	7	STF	4	1	gPlayerSequenceDoubleSwing	0x2384360	0x2384408	0x23842F0	0x19936E0	0x19934B0	17	17	0x100
11	DoubleSwing	bar:Double Swing|bar:Frenzy	8	1JS	8	1	gPlayerSequenceDoubleSwing	0x2384360	0x2384420	0x23842F0	0x19936E0	0x19934B0	17	17	0x100
11	DoubleSwing	bar:Double Swing|bar:Frenzy	9	1JT	9	1	gPlayerSequenceDoubleSwing	0x2384360	0x2384438	0x23842F0	0x19936E0	0x19934B0	17	17	0x100
11	DoubleSwing	bar:Double Swing|bar:Frenzy	10	1SS	10	1	gPlayerSequenceDoubleSwing	0x2384360	0x2384450	0x23842F0	0x19936E0	0x19934B0	17	17	0x100
11	DoubleSwing	bar:Double Swing|bar:Frenzy	11	1ST	11	1	gPlayerSequenceDoubleSwing	0x2384360	0x2384468	0x23842F0	0x19936E0	0x19934B0	17	17	0x100
11	DoubleSwing	bar:Double Swing|bar:Frenzy	12	HT1	12	1	gPlayerSequenceDoubleSwing	0x2384360	0x2384480	0x23842F0	0x19936E0	0x19934B0	17	17	0x100
11	DoubleSwing	bar:Double Swing|bar:Frenzy	13	HT2	13	1	gPlayerSequenceDoubleSwing	0x2384360	0x2384498	0x23842F0	0x19936E0	0x19934B0	17	17	0x100
12	Lightning	sor:Lightning|sor:Chain Lightning|war:Miasma Chains	0	HTH	0	1	gPlayerSequenceLightning	0x2384530	0x2384530	0x23844B0	0x19930F0	0x1991690	19	19	0x100
12	Lightning	sor:Lightning|sor:Chain Lightning|war:Miasma Chains	1	1HT	3	1	gPlayerSequenceLightning	0x2384530	0x2384548	0x23844B0	0x19930F0	0x1991690	19	19	0x100
12	Lightning	sor:Lightning|sor:Chain Lightning|war:Miasma Chains	2	2HT	6	1	gPlayerSequenceLightning	0x2384530	0x2384560	0x23844B0	0x19930F0	0x1991690	19	19	0x100
12	Lightning	sor:Lightning|sor:Chain Lightning|war:Miasma Chains	3	1HS	2	1	gPlayerSequenceLightning	0x2384530	0x2384578	0x23844B0	0x19930F0	0x1991690	19	19	0x100
12	Lightning	sor:Lightning|sor:Chain Lightning|war:Miasma Chains	4	2HS	5	1	gPlayerSequenceLightning	0x2384530	0x2384590	0x23844B0	0x19930F0	0x1991690	19	19	0x100
12	Lightning	sor:Lightning|sor:Chain Lightning|war:Miasma Chains	5	BOW	1	1	gPlayerSequenceLightning	0x2384530	0x23845A8	0x23844B0	0x19930F0	0x1991690	19	19	0x100
12	Lightning	sor:Lightning|sor:Chain Lightning|war:Miasma Chains	6	XBW	7	1	gPlayerSequenceLightning	0x2384530	0x23845C0	0x23844B0	0x19930F0	0x1991690	19	19	0x100
12	Lightning	sor:Lightning|sor:Chain Lightning|war:Miasma Chains	7	STF	4	1	gPlayerSequenceLightning	0x2384530	0x23845D8	0x23844B0	0x19930F0	0x1991690	19	19	0x100
12	Lightning	sor:Lightning|sor:Chain Lightning|war:Miasma Chains	8	1JS	8	1	gPlayerSequenceLightning	0x2384530	0x23845F0	0x23844B0	0x19930F0	0x1991690	19	19	0x100
12	Lightning	sor:Lightning|sor:Chain Lightning|war:Miasma Chains	9	1JT	9	1	gPlayerSequenceLightning	0x2384530	0x2384608	0x23844B0	0x19930F0	0x1991690	19	19	0x100
12	Lightning	sor:Lightning|sor:Chain Lightning|war:Miasma Chains	10	1SS	10	1	gPlayerSequenceLightning	0x2384530	0x2384620	0x23844B0	0x19930F0	0x1991690	19	19	0x100
12	Lightning	sor:Lightning|sor:Chain Lightning|war:Miasma Chains	11	1ST	11	1	gPlayerSequenceLightning	0x2384530	0x2384638	0x23844B0	0x19930F0	0x1991690	19	19	0x100
12	Lightning	sor:Lightning|sor:Chain Lightning|war:Miasma Chains	12	HT1	12	1	gPlayerSequenceLightning	0x2384530	0x2384650	0x23844B0	0x19930F0	0x1991690	19	19	0x100
12	Lightning	sor:Lightning|sor:Chain Lightning|war:Miasma Chains	13	HT2	13	1	gPlayerSequenceLightning	0x2384530	0x2384668	0x23844B0	0x19930F0	0x1991690	19	19	0x100
13	Leap	bar:Leap	0	HTH	0	1	gPlayerSequenceLeap	0x23846E0	0x23846E0	0x2384680	0x19917F0	0x1991730	15	15	0x100
13	Leap	bar:Leap	1	1HT	3	1	gPlayerSequenceLeap	0x23846E0	0x23846F8	0x2384680	0x19917F0	0x1991730	15	15	0x100
13	Leap	bar:Leap	2	2HT	6	1	gPlayerSequenceLeap	0x23846E0	0x2384710	0x2384680	0x19917F0	0x1991730	15	15	0x100
13	Leap	bar:Leap	3	1HS	2	1	gPlayerSequenceLeap	0x23846E0	0x2384728	0x2384680	0x19917F0	0x1991730	15	15	0x100
13	Leap	bar:Leap	4	2HS	5	1	gPlayerSequenceLeap	0x23846E0	0x2384740	0x2384680	0x19917F0	0x1991730	15	15	0x100
13	Leap	bar:Leap	5	BOW	1	1	gPlayerSequenceLeap	0x23846E0	0x2384758	0x2384680	0x19917F0	0x1991730	15	15	0x100
13	Leap	bar:Leap	6	XBW	7	1	gPlayerSequenceLeap	0x23846E0	0x2384770	0x2384680	0x19917F0	0x1991730	15	15	0x100
13	Leap	bar:Leap	7	STF	4	1	gPlayerSequenceLeap	0x23846E0	0x2384788	0x2384680	0x19917F0	0x1991730	15	15	0x100
13	Leap	bar:Leap	8	1JS	8	1	gPlayerSequenceLeap	0x23846E0	0x23847A0	0x2384680	0x19917F0	0x1991730	15	15	0x100
13	Leap	bar:Leap	9	1JT	9	1	gPlayerSequenceLeap	0x23846E0	0x23847B8	0x2384680	0x19917F0	0x1991730	15	15	0x100
13	Leap	bar:Leap	10	1SS	10	1	gPlayerSequenceLeap	0x23846E0	0x23847D0	0x2384680	0x19917F0	0x1991730	15	15	0x100
13	Leap	bar:Leap	11	1ST	11	1	gPlayerSequenceLeap	0x23846E0	0x23847E8	0x2384680	0x19917F0	0x1991730	15	15	0x100
13	Leap	bar:Leap	12	HT1	12	1	gPlayerSequenceLeap	0x23846E0	0x2384800	0x2384680	0x19917F0	0x1991730	15	15	0x100
13	Leap	bar:Leap	13	HT2	13	1	gPlayerSequenceLeap	0x23846E0	0x2384818	0x2384680	0x19917F0	0x1991730	15	15	0x100
14	LeapAttack	bar:Leap Attack	0	HTH	0	1	gPlayerSequenceLeapAttack_HTH	0x2384AC0	0x2384AC0	0x2384830	0x1992220	0x1992840	22	22	0x100
14	LeapAttack	bar:Leap Attack	1	1HT	3	1	gPlayerSequenceLeapAttack_BOW_1HT	0x2384AC0	0x2384AD8	0x23848C0	0x1992220	0x1992370	25	25	0x100
14	LeapAttack	bar:Leap Attack	2	2HT	6	1	gPlayerSequenceLeapAttack_1HS_XBW	0x2384AC0	0x2384AF0	0x2384960	0x1992220	0x1992500	28	28	0x100
14	LeapAttack	bar:Leap Attack	3	1HS	2	1	gPlayerSequenceLeapAttack_BOW_1HT	0x2384AC0	0x2384B08	0x23848C0	0x1992220	0x1992370	25	25	0x100
14	LeapAttack	bar:Leap Attack	4	2HS	5	1	gPlayerSequenceLeapAttack_STF	0x2384AC0	0x2384B20	0x2384A10	0x1992220	0x1990DA0	27	27	0x100
14	LeapAttack	bar:Leap Attack	5	BOW	1	0		0x2384AC0	0x2384B38		0x1992220		0	0	0x100
14	LeapAttack	bar:Leap Attack	6	XBW	7	0		0x2384AC0	0x2384B50		0x1992220		0	0	0x100
14	LeapAttack	bar:Leap Attack	7	STF	4	1	gPlayerSequenceLeapAttack_1HS_XBW	0x2384AC0	0x2384B68	0x2384960	0x1992220	0x1992500	28	28	0x100
14	LeapAttack	bar:Leap Attack	8	1JS	8	1	gPlayerSequenceLeapAttack_HTH	0x2384AC0	0x2384B80	0x2384830	0x1992220	0x1992840	22	22	0x100
14	LeapAttack	bar:Leap Attack	9	1JT	9	1	gPlayerSequenceLeapAttack_HTH	0x2384AC0	0x2384B98	0x2384830	0x1992220	0x1992840	22	22	0x100
14	LeapAttack	bar:Leap Attack	10	1SS	10	1	gPlayerSequenceLeapAttack_HTH	0x2384AC0	0x2384BB0	0x2384830	0x1992220	0x1992840	22	22	0x100
14	LeapAttack	bar:Leap Attack	11	1ST	11	1	gPlayerSequenceLeapAttack_HTH	0x2384AC0	0x2384BC8	0x2384830	0x1992220	0x1992840	22	22	0x100
14	LeapAttack	bar:Leap Attack	12	HT1	12	1	gPlayerSequenceLeapAttack_HTH	0x2384AC0	0x2384BE0	0x2384830	0x1992220	0x1992840	22	22	0x100
14	LeapAttack	bar:Leap Attack	13	HT2	13	1	gPlayerSequenceLeapAttack_HTH	0x2384AC0	0x2384BF8	0x2384830	0x1992220	0x1992840	22	22	0x100
15	DoubleThrow	bar:Double Throw	0	HTH	0	1	gPlayerSequenceDoubleThrow	0x2384C60	0x2384C60	0x2384C10	0x19928D0	0x1993240	12	12	0x100
15	DoubleThrow	bar:Double Throw	1	1HT	3	1	gPlayerSequenceDoubleThrow	0x2384C60	0x2384C78	0x2384C10	0x19928D0	0x1993240	12	12	0x100
15	DoubleThrow	bar:Double Throw	2	2HT	6	1	gPlayerSequenceDoubleThrow	0x2384C60	0x2384C90	0x2384C10	0x19928D0	0x1993240	12	12	0x100
15	DoubleThrow	bar:Double Throw	3	1HS	2	1	gPlayerSequenceDoubleThrow	0x2384C60	0x2384CA8	0x2384C10	0x19928D0	0x1993240	12	12	0x100
15	DoubleThrow	bar:Double Throw	4	2HS	5	1	gPlayerSequenceDoubleThrow	0x2384C60	0x2384CC0	0x2384C10	0x19928D0	0x1993240	12	12	0x100
15	DoubleThrow	bar:Double Throw	5	BOW	1	1	gPlayerSequenceDoubleThrow	0x2384C60	0x2384CD8	0x2384C10	0x19928D0	0x1993240	12	12	0x100
15	DoubleThrow	bar:Double Throw	6	XBW	7	1	gPlayerSequenceDoubleThrow	0x2384C60	0x2384CF0	0x2384C10	0x19928D0	0x1993240	12	12	0x100
15	DoubleThrow	bar:Double Throw	7	STF	4	1	gPlayerSequenceDoubleThrow	0x2384C60	0x2384D08	0x2384C10	0x19928D0	0x1993240	12	12	0x100
15	DoubleThrow	bar:Double Throw	8	1JS	8	1	gPlayerSequenceDoubleThrow	0x2384C60	0x2384D20	0x2384C10	0x19928D0	0x1993240	12	12	0x100
15	DoubleThrow	bar:Double Throw	9	1JT	9	1	gPlayerSequenceDoubleThrow	0x2384C60	0x2384D38	0x2384C10	0x19928D0	0x1993240	12	12	0x100
15	DoubleThrow	bar:Double Throw	10	1SS	10	1	gPlayerSequenceDoubleThrow	0x2384C60	0x2384D50	0x2384C10	0x19928D0	0x1993240	12	12	0x100
15	DoubleThrow	bar:Double Throw	11	1ST	11	1	gPlayerSequenceDoubleThrow	0x2384C60	0x2384D68	0x2384C10	0x19928D0	0x1993240	12	12	0x100
15	DoubleThrow	bar:Double Throw	12	HT1	12	1	gPlayerSequenceDoubleThrow	0x2384C60	0x2384D80	0x2384C10	0x19928D0	0x1993240	12	12	0x100
15	DoubleThrow	bar:Double Throw	13	HT2	13	1	gPlayerSequenceDoubleThrow	0x2384C60	0x2384D98	0x2384C10	0x19928D0	0x1993240	12	12	0x100
16	DragonClaw	ass:Fists of Fire|ass:Dragon Claw|ass:Claws of Thunder|ass:Blades of Ice	0	HTH	0	1	gPlayerSequenceDragonClaw_HTH_HT1	0x2384E60	0x2384E60	0x2384DB0	0x1993360	0x1993AD0	12	12	0x100
16	DragonClaw	ass:Fists of Fire|ass:Dragon Claw|ass:Claws of Thunder|ass:Blades of Ice	1	1HT	3	0		0x2384E60	0x2384E78		0x1993360		0	0	0x100
16	DragonClaw	ass:Fists of Fire|ass:Dragon Claw|ass:Claws of Thunder|ass:Blades of Ice	2	2HT	6	0		0x2384E60	0x2384E90		0x1993360		0	0	0x100
16	DragonClaw	ass:Fists of Fire|ass:Dragon Claw|ass:Claws of Thunder|ass:Blades of Ice	3	1HS	2	0		0x2384E60	0x2384EA8		0x1993360		0	0	0x100
16	DragonClaw	ass:Fists of Fire|ass:Dragon Claw|ass:Claws of Thunder|ass:Blades of Ice	4	2HS	5	0		0x2384E60	0x2384EC0		0x1993360		0	0	0x100
16	DragonClaw	ass:Fists of Fire|ass:Dragon Claw|ass:Claws of Thunder|ass:Blades of Ice	5	BOW	1	0		0x2384E60	0x2384ED8		0x1993360		0	0	0x100
16	DragonClaw	ass:Fists of Fire|ass:Dragon Claw|ass:Claws of Thunder|ass:Blades of Ice	6	XBW	7	0		0x2384E60	0x2384EF0		0x1993360		0	0	0x100
16	DragonClaw	ass:Fists of Fire|ass:Dragon Claw|ass:Claws of Thunder|ass:Blades of Ice	7	STF	4	0		0x2384E60	0x2384F08		0x1993360		0	0	0x100
16	DragonClaw	ass:Fists of Fire|ass:Dragon Claw|ass:Claws of Thunder|ass:Blades of Ice	8	1JS	8	0		0x2384E60	0x2384F20		0x1993360		0	0	0x100
16	DragonClaw	ass:Fists of Fire|ass:Dragon Claw|ass:Claws of Thunder|ass:Blades of Ice	9	1JT	9	0		0x2384E60	0x2384F38		0x1993360		0	0	0x100
16	DragonClaw	ass:Fists of Fire|ass:Dragon Claw|ass:Claws of Thunder|ass:Blades of Ice	10	1SS	10	0		0x2384E60	0x2384F50		0x1993360		0	0	0x100
16	DragonClaw	ass:Fists of Fire|ass:Dragon Claw|ass:Claws of Thunder|ass:Blades of Ice	11	1ST	11	0		0x2384E60	0x2384F68		0x1993360		0	0	0x100
16	DragonClaw	ass:Fists of Fire|ass:Dragon Claw|ass:Claws of Thunder|ass:Blades of Ice	12	HT1	12	1	gPlayerSequenceDragonClaw_HTH_HT1	0x2384E60	0x2384F80	0x2384DB0	0x1993360	0x1993AD0	12	12	0x100
16	DragonClaw	ass:Fists of Fire|ass:Dragon Claw|ass:Claws of Thunder|ass:Blades of Ice	13	HT2	13	1	gPlayerSequenceDragonClaw_HT2	0x2384E60	0x2384F98	0x2384E00	0x1993360	0x1994050	16	16	0x100
17	Projection		0	HTH	0	1	gPlayerSequenceProjection	0x2385030	0x2385030	0x2384FB0	0x1990BA0	0x1993520	19	19	0x100
17	Projection		1	1HT	3	1	gPlayerSequenceProjection	0x2385030	0x2385048	0x2384FB0	0x1990BA0	0x1993520	19	19	0x100
17	Projection		2	2HT	6	1	gPlayerSequenceProjection	0x2385030	0x2385060	0x2384FB0	0x1990BA0	0x1993520	19	19	0x100
17	Projection		3	1HS	2	1	gPlayerSequenceProjection	0x2385030	0x2385078	0x2384FB0	0x1990BA0	0x1993520	19	19	0x100
17	Projection		4	2HS	5	1	gPlayerSequenceProjection	0x2385030	0x2385090	0x2384FB0	0x1990BA0	0x1993520	19	19	0x100
17	Projection		5	BOW	1	1	gPlayerSequenceProjection	0x2385030	0x23850A8	0x2384FB0	0x1990BA0	0x1993520	19	19	0x100
17	Projection		6	XBW	7	1	gPlayerSequenceProjection	0x2385030	0x23850C0	0x2384FB0	0x1990BA0	0x1993520	19	19	0x100
17	Projection		7	STF	4	1	gPlayerSequenceProjection	0x2385030	0x23850D8	0x2384FB0	0x1990BA0	0x1993520	19	19	0x100
17	Projection		8	1JS	8	0		0x2385030	0x23850F0		0x1990BA0		0	0	0x100
17	Projection		9	1JT	9	0		0x2385030	0x2385108		0x1990BA0		0	0	0x100
17	Projection		10	1SS	10	0		0x2385030	0x2385120		0x1990BA0		0	0	0x100
17	Projection		11	1ST	11	0		0x2385030	0x2385138		0x1990BA0		0	0	0x100
17	Projection		12	HT1	12	1	gPlayerSequenceProjection	0x2385030	0x2385150	0x2384FB0	0x1990BA0	0x1993520	19	19	0x100
17	Projection		13	HT2	13	1	gPlayerSequenceProjection	0x2385030	0x2385168	0x2384FB0	0x1990BA0	0x1993520	19	19	0x100
18	ArcticBlast	dru:Arctic Blast	0	HTH	0	1	gPlayerSequenceArcticBlast	0x23853B0	0x23853B0	0x2385350	0x1991180	0x19941F0	15	15	0x100
18	ArcticBlast	dru:Arctic Blast	1	1HT	3	1	gPlayerSequenceArcticBlast	0x23853B0	0x23853C8	0x2385350	0x1991180	0x19941F0	15	15	0x100
18	ArcticBlast	dru:Arctic Blast	2	2HT	6	1	gPlayerSequenceArcticBlast	0x23853B0	0x23853E0	0x2385350	0x1991180	0x19941F0	15	15	0x100
18	ArcticBlast	dru:Arctic Blast	3	1HS	2	1	gPlayerSequenceArcticBlast	0x23853B0	0x23853F8	0x2385350	0x1991180	0x19941F0	15	15	0x100
18	ArcticBlast	dru:Arctic Blast	4	2HS	5	1	gPlayerSequenceArcticBlast	0x23853B0	0x2385410	0x2385350	0x1991180	0x19941F0	15	15	0x100
18	ArcticBlast	dru:Arctic Blast	5	BOW	1	1	gPlayerSequenceArcticBlast	0x23853B0	0x2385428	0x2385350	0x1991180	0x19941F0	15	15	0x100
18	ArcticBlast	dru:Arctic Blast	6	XBW	7	1	gPlayerSequenceArcticBlast	0x23853B0	0x2385440	0x2385350	0x1991180	0x19941F0	15	15	0x100
18	ArcticBlast	dru:Arctic Blast	7	STF	4	1	gPlayerSequenceArcticBlast	0x23853B0	0x2385458	0x2385350	0x1991180	0x19941F0	15	15	0x100
18	ArcticBlast	dru:Arctic Blast	8	1JS	8	1	gPlayerSequenceArcticBlast	0x23853B0	0x2385470	0x2385350	0x1991180	0x19941F0	15	15	0x100
18	ArcticBlast	dru:Arctic Blast	9	1JT	9	1	gPlayerSequenceArcticBlast	0x23853B0	0x2385488	0x2385350	0x1991180	0x19941F0	15	15	0x100
18	ArcticBlast	dru:Arctic Blast	10	1SS	10	1	gPlayerSequenceArcticBlast	0x23853B0	0x23854A0	0x2385350	0x1991180	0x19941F0	15	15	0x100
18	ArcticBlast	dru:Arctic Blast	11	1ST	11	1	gPlayerSequenceArcticBlast	0x23853B0	0x23854B8	0x2385350	0x1991180	0x19941F0	15	15	0x100
18	ArcticBlast	dru:Arctic Blast	12	HT1	12	1	gPlayerSequenceArcticBlast	0x23853B0	0x23854D0	0x2385350	0x1991180	0x19941F0	15	15	0x100
18	ArcticBlast	dru:Arctic Blast	13	HT2	13	1	gPlayerSequenceArcticBlast	0x23853B0	0x23854E8	0x2385350	0x1991180	0x19941F0	15	15	0x100
19	DragonTalon	ass:Dragon Talon	0	HTH	0	1	gPlayerSequenceDragonTalon	0x2385200	0x2385200	0x2385180	0x1993F00	0x1993D70	20	20	0x100
19	DragonTalon	ass:Dragon Talon	1	1HT	3	1	gPlayerSequenceDragonTalon	0x2385200	0x2385218	0x2385180	0x1993F00	0x1993D70	20	20	0x100
19	DragonTalon	ass:Dragon Talon	2	2HT	6	1	gPlayerSequenceDragonTalon	0x2385200	0x2385230	0x2385180	0x1993F00	0x1993D70	20	20	0x100
19	DragonTalon	ass:Dragon Talon	3	1HS	2	1	gPlayerSequenceDragonTalon	0x2385200	0x2385248	0x2385180	0x1993F00	0x1993D70	20	20	0x100
19	DragonTalon	ass:Dragon Talon	4	2HS	5	1	gPlayerSequenceDragonTalon	0x2385200	0x2385260	0x2385180	0x1993F00	0x1993D70	20	20	0x100
19	DragonTalon	ass:Dragon Talon	5	BOW	1	1	gPlayerSequenceDragonTalon	0x2385200	0x2385278	0x2385180	0x1993F00	0x1993D70	20	20	0x100
19	DragonTalon	ass:Dragon Talon	6	XBW	7	1	gPlayerSequenceDragonTalon	0x2385200	0x2385290	0x2385180	0x1993F00	0x1993D70	20	20	0x100
19	DragonTalon	ass:Dragon Talon	7	STF	4	1	gPlayerSequenceDragonTalon	0x2385200	0x23852A8	0x2385180	0x1993F00	0x1993D70	20	20	0x100
19	DragonTalon	ass:Dragon Talon	8	1JS	8	0		0x2385200	0x23852C0		0x1993F00		0	0	0x100
19	DragonTalon	ass:Dragon Talon	9	1JT	9	0		0x2385200	0x23852D8		0x1993F00		0	0	0x100
19	DragonTalon	ass:Dragon Talon	10	1SS	10	0		0x2385200	0x23852F0		0x1993F00		0	0	0x100
19	DragonTalon	ass:Dragon Talon	11	1ST	11	0		0x2385200	0x2385308		0x1993F00		0	0	0x100
19	DragonTalon	ass:Dragon Talon	12	HT1	12	1	gPlayerSequenceDragonTalon	0x2385200	0x2385320	0x2385180	0x1993F00	0x1993D70	20	20	0x100
19	DragonTalon	ass:Dragon Talon	13	HT2	13	1	gPlayerSequenceDragonTalon	0x2385200	0x2385338	0x2385180	0x1993F00	0x1993D70	20	20	0x100
20	DragonBreath		0	HTH	0	1	gPlayerSequenceDragonBreath	0x2385570	0x2385570	0x2385500	0x1991030	0x1990CF0	17	17	0x100
20	DragonBreath		1	1HT	3	1	gPlayerSequenceDragonBreath	0x2385570	0x2385588	0x2385500	0x1991030	0x1990CF0	17	17	0x100
20	DragonBreath		2	2HT	6	1	gPlayerSequenceDragonBreath	0x2385570	0x23855A0	0x2385500	0x1991030	0x1990CF0	17	17	0x100
20	DragonBreath		3	1HS	2	1	gPlayerSequenceDragonBreath	0x2385570	0x23855B8	0x2385500	0x1991030	0x1990CF0	17	17	0x100
20	DragonBreath		4	2HS	5	1	gPlayerSequenceDragonBreath	0x2385570	0x23855D0	0x2385500	0x1991030	0x1990CF0	17	17	0x100
20	DragonBreath		5	BOW	1	1	gPlayerSequenceDragonBreath	0x2385570	0x23855E8	0x2385500	0x1991030	0x1990CF0	17	17	0x100
20	DragonBreath		6	XBW	7	1	gPlayerSequenceDragonBreath	0x2385570	0x2385600	0x2385500	0x1991030	0x1990CF0	17	17	0x100
20	DragonBreath		7	STF	4	0		0x2385570	0x2385618		0x1991030		0	0	0x100
20	DragonBreath		8	1JS	8	0		0x2385570	0x2385630		0x1991030		0	0	0x100
20	DragonBreath		9	1JT	9	0		0x2385570	0x2385648		0x1991030		0	0	0x100
20	DragonBreath		10	1SS	10	0		0x2385570	0x2385660		0x1991030		0	0	0x100
20	DragonBreath		11	1ST	11	0		0x2385570	0x2385678		0x1991030		0	0	0x100
20	DragonBreath		12	HT1	12	1	gPlayerSequenceDragonBreath	0x2385570	0x2385690	0x2385500	0x1991030	0x1990CF0	17	17	0x100
20	DragonBreath		13	HT2	13	1	gPlayerSequenceDragonBreath	0x2385570	0x23856A8	0x2385500	0x1991030	0x1990CF0	17	17	0x100
21	DragonFlight	ass:Dragon Flight	0	HTH	0	1	gPlayerSequenceDragonFlight	0x2385750	0x2385750	0x23856C0	0x1991CF0	0x19940B0	23	23	0x100
21	DragonFlight	ass:Dragon Flight	1	1HT	3	1	gPlayerSequenceDragonFlight	0x2385750	0x2385768	0x23856C0	0x1991CF0	0x19940B0	23	23	0x100
21	DragonFlight	ass:Dragon Flight	2	2HT	6	1	gPlayerSequenceDragonFlight	0x2385750	0x2385780	0x23856C0	0x1991CF0	0x19940B0	23	23	0x100
21	DragonFlight	ass:Dragon Flight	3	1HS	2	1	gPlayerSequenceDragonFlight	0x2385750	0x2385798	0x23856C0	0x1991CF0	0x19940B0	23	23	0x100
21	DragonFlight	ass:Dragon Flight	4	2HS	5	1	gPlayerSequenceDragonFlight	0x2385750	0x23857B0	0x23856C0	0x1991CF0	0x19940B0	23	23	0x100
21	DragonFlight	ass:Dragon Flight	5	BOW	1	1	gPlayerSequenceDragonFlight	0x2385750	0x23857C8	0x23856C0	0x1991CF0	0x19940B0	23	23	0x100
21	DragonFlight	ass:Dragon Flight	6	XBW	7	1	gPlayerSequenceDragonFlight	0x2385750	0x23857E0	0x23856C0	0x1991CF0	0x19940B0	23	23	0x100
21	DragonFlight	ass:Dragon Flight	7	STF	4	1	gPlayerSequenceDragonFlight	0x2385750	0x23857F8	0x23856C0	0x1991CF0	0x19940B0	23	23	0x100
21	DragonFlight	ass:Dragon Flight	8	1JS	8	1	gPlayerSequenceDragonFlight	0x2385750	0x2385810	0x23856C0	0x1991CF0	0x19940B0	23	23	0x100
21	DragonFlight	ass:Dragon Flight	9	1JT	9	1	gPlayerSequenceDragonFlight	0x2385750	0x2385828	0x23856C0	0x1991CF0	0x19940B0	23	23	0x100
21	DragonFlight	ass:Dragon Flight	10	1SS	10	1	gPlayerSequenceDragonFlight	0x2385750	0x2385840	0x23856C0	0x1991CF0	0x19940B0	23	23	0x100
21	DragonFlight	ass:Dragon Flight	11	1ST	11	1	gPlayerSequenceDragonFlight	0x2385750	0x2385858	0x23856C0	0x1991CF0	0x19940B0	23	23	0x100
21	DragonFlight	ass:Dragon Flight	12	HT1	12	1	gPlayerSequenceDragonFlight	0x2385750	0x2385870	0x23856C0	0x1991CF0	0x19940B0	23	23	0x100
21	DragonFlight	ass:Dragon Flight	13	HT2	13	1	gPlayerSequenceDragonFlight	0x2385750	0x2385888	0x23856C0	0x1991CF0	0x19940B0	23	23	0x100
22	Unmorph	dru:Wearwolf|dru:Wearbear	0	HTH	0	1	gPlayerSequenceUnmorph	0x2385900	0x2385900	0x23858A0	0x1990EE0	0x1992CD0	16	16	0x100
22	Unmorph	dru:Wearwolf|dru:Wearbear	1	1HT	3	1	gPlayerSequenceUnmorph	0x2385900	0x2385918	0x23858A0	0x1990EE0	0x1992CD0	16	16	0x100
22	Unmorph	dru:Wearwolf|dru:Wearbear	2	2HT	6	1	gPlayerSequenceUnmorph	0x2385900	0x2385930	0x23858A0	0x1990EE0	0x1992CD0	16	16	0x100
22	Unmorph	dru:Wearwolf|dru:Wearbear	3	1HS	2	1	gPlayerSequenceUnmorph	0x2385900	0x2385948	0x23858A0	0x1990EE0	0x1992CD0	16	16	0x100
22	Unmorph	dru:Wearwolf|dru:Wearbear	4	2HS	5	1	gPlayerSequenceUnmorph	0x2385900	0x2385960	0x23858A0	0x1990EE0	0x1992CD0	16	16	0x100
22	Unmorph	dru:Wearwolf|dru:Wearbear	5	BOW	1	1	gPlayerSequenceUnmorph	0x2385900	0x2385978	0x23858A0	0x1990EE0	0x1992CD0	16	16	0x100
22	Unmorph	dru:Wearwolf|dru:Wearbear	6	XBW	7	1	gPlayerSequenceUnmorph	0x2385900	0x2385990	0x23858A0	0x1990EE0	0x1992CD0	16	16	0x100
22	Unmorph	dru:Wearwolf|dru:Wearbear	7	STF	4	1	gPlayerSequenceUnmorph	0x2385900	0x23859A8	0x23858A0	0x1990EE0	0x1992CD0	16	16	0x100
22	Unmorph	dru:Wearwolf|dru:Wearbear	8	1JS	8	1	gPlayerSequenceUnmorph	0x2385900	0x23859C0	0x23858A0	0x1990EE0	0x1992CD0	16	16	0x100
22	Unmorph	dru:Wearwolf|dru:Wearbear	9	1JT	9	1	gPlayerSequenceUnmorph	0x2385900	0x23859D8	0x23858A0	0x1990EE0	0x1992CD0	16	16	0x100
22	Unmorph	dru:Wearwolf|dru:Wearbear	10	1SS	10	1	gPlayerSequenceUnmorph	0x2385900	0x23859F0	0x23858A0	0x1990EE0	0x1992CD0	16	16	0x100
22	Unmorph	dru:Wearwolf|dru:Wearbear	11	1ST	11	1	gPlayerSequenceUnmorph	0x2385900	0x2385A08	0x23858A0	0x1990EE0	0x1992CD0	16	16	0x100
22	Unmorph	dru:Wearwolf|dru:Wearbear	12	HT1	12	1	gPlayerSequenceUnmorph	0x2385900	0x2385A20	0x23858A0	0x1990EE0	0x1992CD0	16	16	0x100
22	Unmorph	dru:Wearwolf|dru:Wearbear	13	HT2	13	1	gPlayerSequenceUnmorph	0x2385900	0x2385A38	0x23858A0	0x1990EE0	0x1992CD0	16	16	0x100
23	BladeFury	ass:Blade Fury	0	HTH	0	1	gPlayerSequenceBladeFury	0x2385AD0	0x2385AD0	0x2385A50	0x1993C20	0x19925B0	19	19	0x100
23	BladeFury	ass:Blade Fury	1	1HT	3	1	gPlayerSequenceBladeFury	0x2385AD0	0x2385AE8	0x2385A50	0x1993C20	0x19925B0	19	19	0x100
23	BladeFury	ass:Blade Fury	2	2HT	6	1	gPlayerSequenceBladeFury	0x2385AD0	0x2385B00	0x2385A50	0x1993C20	0x19925B0	19	19	0x100
23	BladeFury	ass:Blade Fury	3	1HS	2	1	gPlayerSequenceBladeFury	0x2385AD0	0x2385B18	0x2385A50	0x1993C20	0x19925B0	19	19	0x100
23	BladeFury	ass:Blade Fury	4	2HS	5	1	gPlayerSequenceBladeFury	0x2385AD0	0x2385B30	0x2385A50	0x1993C20	0x19925B0	19	19	0x100
23	BladeFury	ass:Blade Fury	5	BOW	1	1	gPlayerSequenceBladeFury	0x2385AD0	0x2385B48	0x2385A50	0x1993C20	0x19925B0	19	19	0x100
23	BladeFury	ass:Blade Fury	6	XBW	7	1	gPlayerSequenceBladeFury	0x2385AD0	0x2385B60	0x2385A50	0x1993C20	0x19925B0	19	19	0x100
23	BladeFury	ass:Blade Fury	7	STF	4	1	gPlayerSequenceBladeFury	0x2385AD0	0x2385B78	0x2385A50	0x1993C20	0x19925B0	19	19	0x100
23	BladeFury	ass:Blade Fury	8	1JS	8	1	gPlayerSequenceBladeFury	0x2385AD0	0x2385B90	0x2385A50	0x1993C20	0x19925B0	19	19	0x100
23	BladeFury	ass:Blade Fury	9	1JT	9	1	gPlayerSequenceBladeFury	0x2385AD0	0x2385BA8	0x2385A50	0x1993C20	0x19925B0	19	19	0x100
23	BladeFury	ass:Blade Fury	10	1SS	10	1	gPlayerSequenceBladeFury	0x2385AD0	0x2385BC0	0x2385A50	0x1993C20	0x19925B0	19	19	0x100
23	BladeFury	ass:Blade Fury	11	1ST	11	1	gPlayerSequenceBladeFury	0x2385AD0	0x2385BD8	0x2385A50	0x1993C20	0x19925B0	19	19	0x100
23	BladeFury	ass:Blade Fury	12	HT1	12	1	gPlayerSequenceBladeFury	0x2385AD0	0x2385BF0	0x2385A50	0x1993C20	0x19925B0	19	19	0x100
23	BladeFury	ass:Blade Fury	13	HT2	13	1	gPlayerSequenceBladeFury	0x2385AD0	0x2385C08	0x2385A50	0x1993C20	0x19925B0	19	19	0x100
24	Cleave	war:Cleave	0	HTH	0	1	D2R_PlayerSequenceCleave_HTH	0x2385EE0	0x2385EE0	0x2385C20	0x1992080	0x19912D0	19	19	0x100
24	Cleave	war:Cleave	1	1HT	3	1	D2R_PlayerSequenceCleave_1HT	0x2385EE0	0x2385EF8	0x2385D00	0x1992080	0x1990E80	16	16	0x100
24	Cleave	war:Cleave	2	2HT	6	1	D2R_PlayerSequenceCleave_2HT	0x2385EE0	0x2385F10	0x2385DD0	0x1992080	0x1993E20	20	20	0x100
24	Cleave	war:Cleave	3	1HS	2	1	D2R_PlayerSequenceCleave_1HS	0x2385EE0	0x2385F28	0x2385CA0	0x1992080	0x19924A0	16	16	0x100
24	Cleave	war:Cleave	4	2HS	5	1	D2R_PlayerSequenceCleave_2HS	0x2385EE0	0x2385F40	0x2385D60	0x1992080	0x1992C60	18	18	0x100
24	Cleave	war:Cleave	5	BOW	1	1	D2R_PlayerSequenceCleave_HTH	0x2385EE0	0x2385F58	0x2385C20	0x1992080	0x19912D0	19	19	0x100
24	Cleave	war:Cleave	6	XBW	7	1	D2R_PlayerSequenceCleave_HTH	0x2385EE0	0x2385F70	0x2385C20	0x1992080	0x19912D0	19	19	0x100
24	Cleave	war:Cleave	7	STF	4	1	D2R_PlayerSequenceCleave_STF	0x2385EE0	0x2385F88	0x2385E50	0x1992080	0x1990970	22	22	0x100
24	Cleave	war:Cleave	8	1JS	8	1	D2R_PlayerSequenceCleave_HTH	0x2385EE0	0x2385FA0	0x2385C20	0x1992080	0x19912D0	19	19	0x100
24	Cleave	war:Cleave	9	1JT	9	1	D2R_PlayerSequenceCleave_HTH	0x2385EE0	0x2385FB8	0x2385C20	0x1992080	0x19912D0	19	19	0x100
24	Cleave	war:Cleave	10	1SS	10	1	D2R_PlayerSequenceCleave_HTH	0x2385EE0	0x2385FD0	0x2385C20	0x1992080	0x19912D0	19	19	0x100
24	Cleave	war:Cleave	11	1ST	11	1	D2R_PlayerSequenceCleave_HTH	0x2385EE0	0x2385FE8	0x2385C20	0x1992080	0x19912D0	19	19	0x100
24	Cleave	war:Cleave	12	HT1	12	1	D2R_PlayerSequenceCleave_HTH	0x2385EE0	0x2386000	0x2385C20	0x1992080	0x19912D0	19	19	0x100
24	Cleave	war:Cleave	13	HT2	13	1	D2R_PlayerSequenceCleave_HTH	0x2385EE0	0x2386018	0x2385C20	0x1992080	0x19912D0	19	19	0x100
25	MirroredBlades	war:Mirrored Blades	0	HTH	0	1	D2R_PlayerSequenceMirroredBlades_HTH	0x2386350	0x2386350	0x2386030	0x1993830	0x1994140	17	17	0x100
25	MirroredBlades	war:Mirrored Blades	1	1HT	3	1	D2R_PlayerSequenceMirroredBlades_1HT	0x2386350	0x2386368	0x23860B0	0x1993830	0x1991790	16	16	0x100
25	MirroredBlades	war:Mirrored Blades	2	2HT	6	1	D2R_PlayerSequenceMirroredBlades_2HT	0x2386350	0x2386380	0x2386110	0x1993830	0x1991C70	21	21	0x100
25	MirroredBlades	war:Mirrored Blades	3	1HS	2	1	D2R_PlayerSequenceMirroredBlades_1HS	0x2386350	0x2386398	0x2386190	0x1993830	0x19914E0	16	16	0x100
25	MirroredBlades	war:Mirrored Blades	4	2HS	5	1	D2R_PlayerSequenceMirroredBlades_2HS	0x2386350	0x23863B0	0x23861F0	0x1993830	0x1992410	19	19	0x100
25	MirroredBlades	war:Mirrored Blades	5	BOW	1	1	D2R_PlayerSequenceMirroredBlades_BOW	0x2386350	0x23863C8	0x2386270	0x1993830	0x1991E40	18	18	0x100
25	MirroredBlades	war:Mirrored Blades	6	XBW	7	1	D2R_PlayerSequenceMirroredBlades_BOW	0x2386350	0x23863E0	0x2386270	0x1993830	0x1991E40	18	18	0x100
25	MirroredBlades	war:Mirrored Blades	7	STF	4	1	D2R_PlayerSequenceMirroredBlades_STF	0x2386350	0x23863F8	0x23862E0	0x1993830	0x1992BF0	17	17	0x100
25	MirroredBlades	war:Mirrored Blades	8	1JS	8	1	D2R_PlayerSequenceMirroredBlades_1HT	0x2386350	0x2386410	0x23860B0	0x1993830	0x1991790	16	16	0x100
25	MirroredBlades	war:Mirrored Blades	9	1JT	9	1	D2R_PlayerSequenceMirroredBlades_1HT	0x2386350	0x2386428	0x23860B0	0x1993830	0x1991790	16	16	0x100
25	MirroredBlades	war:Mirrored Blades	10	1SS	10	1	D2R_PlayerSequenceMirroredBlades_1HS	0x2386350	0x2386440	0x2386190	0x1993830	0x19914E0	16	16	0x100
25	MirroredBlades	war:Mirrored Blades	11	1ST	11	1	D2R_PlayerSequenceMirroredBlades_1HS	0x2386350	0x2386458	0x2386190	0x1993830	0x19914E0	16	16	0x100
25	MirroredBlades	war:Mirrored Blades	12	HT1	12	1	D2R_PlayerSequenceMirroredBlades_HTH	0x2386350	0x2386470	0x2386030	0x1993830	0x1994140	17	17	0x100
25	MirroredBlades	war:Mirrored Blades	13	HT2	13	1	D2R_PlayerSequenceMirroredBlades_HTH	0x2386350	0x2386488	0x2386030	0x1993830	0x1994140	17	17	0x100
