array_name	runtime_records_rva	static_records_seed_rvas	record_index	runtime_record_rva	mode_id	mode_code	mode_name	frame	direction	event_id	event_name	native_bytes
gPlayerSequenceHandToHand1	0x2382FB0	0x1993EB0	0	0x2382FB0	7	A1	Attack1	0	0	0	NONE	000007000000
gPlayerSequenceHandToHand1	0x2382FB0	0x1993EB0	1	0x2382FB6	7	A1	Attack1	1	0	0	NONE	000007010000
gPlayerSequenceHandToHand1	0x2382FB0	0x1993EB0	2	0x2382FBC	7	A1	Attack1	2	0	0	NONE	000007020000
gPlayerSequenceHandToHand1	0x2382FB0	0x1993EB0	3	0x2382FC2	7	A1	Attack1	3	0	0	NONE	000007030000
gPlayerSequenceHandToHand1	0x2382FB0	0x1993EB0	4	0x2382FC8	7	A1	Attack1	4	0	0	NONE	000007040000
gPlayerSequenceHandToHand1	0x2382FB0	0x1993EB0	5	0x2382FCE	7	A1	Attack1	5	0	0	NONE	000007050000
gPlayerSequenceHandToHand1	0x2382FB0	0x1993EB0	6	0x2382FD4	7	A1	Attack1	6	0	0	NONE	000007060000
gPlayerSequenceHandToHand1	0x2382FB0	0x1993EB0	7	0x2382FDA	7	A1	Attack1	7	0	0	NONE	000007070000
gPlayerSequenceHandToHand1	0x2382FB0	0x1993EB0	8	0x2382FE0	7	A1	Attack1	8	0	1	MELEE_ATTACK	000007080001
gPlayerSequenceHandToHand1	0x2382FB0	0x1993EB0	9	0x2382FE6	7	A1	Attack1	9	0	0	NONE	000007090000
gPlayerSequenceHandToHand1	0x2382FB0	0x1993EB0	10	0x2382FEC	7	A1	Attack1	10	0	0	NONE	0000070A0000
gPlayerSequenceHandToHand1	0x2382FB0	0x1993EB0	11	0x2382FF2	7	A1	Attack1	11	0	0	NONE	0000070B0000
gPlayerSequenceHandToHand1	0x2382FB0	0x1993EB0	12	0x2382FF8	7	A1	Attack1	12	0	0	NONE	0000070C0000
gPlayerSequenceHandToHand2	0x2383000	0x1991BE0	0	0x2383000	7	A1	Attack1	0	0	0	NONE	000007000000
gPlayerSequenceHandToHand2	0x2383000	0x1991BE0	1	0x2383006	7	A1	Attack1	1	0	0	NONE	000007010000
gPlayerSequenceHandToHand2	0x2383000	0x1991BE0	2	0x238300C	7	A1	Attack1	2	0	0	NONE	000007020000
gPlayerSequenceHandToHand2	0x2383000	0x1991BE0	3	0x2383012	7	A1	Attack1	3	0	0	NONE	000007030000
gPlayerSequenceHandToHand2	0x2383000	0x1991BE0	4	0x2383018	7	A1	Attack1	4	0	0	NONE	000007040000
gPlayerSequenceHandToHand2	0x2383000	0x1991BE0	5	0x238301E	7	A1	Attack1	5	0	0	NONE	000007050000
gPlayerSequenceHandToHand2	0x2383000	0x1991BE0	6	0x2383024	7	A1	Attack1	6	0	0	NONE	000007060000
gPlayerSequenceHandToHand2	0x2383000	0x1991BE0	7	0x238302A	7	A1	Attack1	7	0	1	MELEE_ATTACK	000007070001
gPlayerSequenceHandToHand2	0x2383000	0x1991BE0	8	0x2383030	7	A1	Attack1	8	0	0	NONE	000007080000
gPlayerSequenceHandToHand2	0x2383000	0x1991BE0	9	0x2383036	7	A1	Attack1	9	0	0	NONE	000007090000
gPlayerSequenceHandToHand2	0x2383000	0x1991BE0	10	0x238303C	7	A1	Attack1	10	0	0	NONE	0000070A0000
gPlayerSequenceHandToHand2	0x2383000	0x1991BE0	11	0x2383042	7	A1	Attack1	11	0	0	NONE	0000070B0000
gPlayerSequenceHandToHand2	0x2383000	0x1991BE0	12	0x2383048	7	A1	Attack1	12	0	0	NONE	0000070C0000
gPlayerSequenceHandToHand2	0x2383000	0x1991BE0	13	0x238304E	7	A1	Attack1	13	0	0	NONE	0000070D0000
gPlayerSequenceJab_BOW	0x2383060	0x1993290	0	0x2383060	7	A1	Attack1	5	0	0	NONE	000007050000
gPlayerSequenceJab_BOW	0x2383060	0x1993290	1	0x2383066	7	A1	Attack1	6	0	3	PLAY_SOUND	000007060003
gPlayerSequenceJab_BOW	0x2383060	0x1993290	2	0x238306C	7	A1	Attack1	8	0	0	NONE	000007080000
gPlayerSequenceJab_BOW	0x2383060	0x1993290	3	0x2383072	7	A1	Attack1	9	0	1	MELEE_ATTACK	000007090001
gPlayerSequenceJab_BOW	0x2383060	0x1993290	4	0x2383078	7	A1	Attack1	10	0	0	NONE	0000070A0000
gPlayerSequenceJab_BOW	0x2383060	0x1993290	5	0x238307E	7	A1	Attack1	11	0	0	NONE	0000070B0000
gPlayerSequenceJab_BOW	0x2383060	0x1993290	6	0x2383084	7	A1	Attack1	13	0	0	NONE	0000070D0000
gPlayerSequenceJab_BOW	0x2383060	0x1993290	7	0x238308A	8	A2	Attack2	6	0	3	PLAY_SOUND	000008060003
gPlayerSequenceJab_BOW	0x2383060	0x1993290	8	0x2383090	8	A2	Attack2	8	0	0	NONE	000008080000
gPlayerSequenceJab_BOW	0x2383060	0x1993290	9	0x2383096	8	A2	Attack2	9	0	1	MELEE_ATTACK	000008090001
gPlayerSequenceJab_BOW	0x2383060	0x1993290	10	0x238309C	7	A1	Attack1	10	0	0	NONE	0000070A0000
gPlayerSequenceJab_BOW	0x2383060	0x1993290	11	0x23830A2	7	A1	Attack1	11	0	0	NONE	0000070B0000
gPlayerSequenceJab_BOW	0x2383060	0x1993290	12	0x23830A8	7	A1	Attack1	13	0	0	NONE	0000070D0000
gPlayerSequenceJab_BOW	0x2383060	0x1993290	13	0x23830AE	8	A2	Attack2	6	0	3	PLAY_SOUND	000008060003
gPlayerSequenceJab_BOW	0x2383060	0x1993290	14	0x23830B4	8	A2	Attack2	8	0	0	NONE	000008080000
gPlayerSequenceJab_BOW	0x2383060	0x1993290	15	0x23830BA	8	A2	Attack2	9	0	1	MELEE_ATTACK	000008090001
gPlayerSequenceJab_BOW	0x2383060	0x1993290	16	0x23830C0	8	A2	Attack2	10	0	0	NONE	0000080A0000
gPlayerSequenceJab_BOW	0x2383060	0x1993290	17	0x23830C6	8	A2	Attack2	13	0	0	NONE	0000080D0000
gPlayerSequenceJab_1HS	0x23830D0	0x1992B70	0	0x23830D0	7	A1	Attack1	2	0	0	NONE	000007020000
gPlayerSequenceJab_1HS	0x23830D0	0x1992B70	1	0x23830D6	7	A1	Attack1	7	0	3	PLAY_SOUND	000007070003
gPlayerSequenceJab_1HS	0x23830D0	0x1992B70	2	0x23830DC	7	A1	Attack1	9	0	0	NONE	000007090000
gPlayerSequenceJab_1HS	0x23830D0	0x1992B70	3	0x23830E2	7	A1	Attack1	10	0	1	MELEE_ATTACK	0000070A0001
gPlayerSequenceJab_1HS	0x23830D0	0x1992B70	4	0x23830E8	7	A1	Attack1	12	0	0	NONE	0000070C0000
gPlayerSequenceJab_1HS	0x23830D0	0x1992B70	5	0x23830EE	7	A1	Attack1	13	0	0	NONE	0000070D0000
gPlayerSequenceJab_1HS	0x23830D0	0x1992B70	6	0x23830F4	7	A1	Attack1	15	0	0	NONE	0000070F0000
gPlayerSequenceJab_1HS	0x23830D0	0x1992B70	7	0x23830FA	8	A2	Attack2	4	0	0	NONE	000008040000
gPlayerSequenceJab_1HS	0x23830D0	0x1992B70	8	0x2383100	8	A2	Attack2	6	0	3	PLAY_SOUND	000008060003
gPlayerSequenceJab_1HS	0x23830D0	0x1992B70	9	0x2383106	8	A2	Attack2	9	0	0	NONE	000008090000
gPlayerSequenceJab_1HS	0x23830D0	0x1992B70	10	0x238310C	8	A2	Attack2	10	0	1	MELEE_ATTACK	0000080A0001
gPlayerSequenceJab_1HS	0x23830D0	0x1992B70	11	0x2383112	7	A1	Attack1	12	0	0	NONE	0000070C0000
gPlayerSequenceJab_1HS	0x23830D0	0x1992B70	12	0x2383118	7	A1	Attack1	13	0	0	NONE	0000070D0000
gPlayerSequenceJab_1HS	0x23830D0	0x1992B70	13	0x238311E	7	A1	Attack1	15	0	0	NONE	0000070F0000
gPlayerSequenceJab_1HS	0x23830D0	0x1992B70	14	0x2383124	8	A2	Attack2	4	0	0	NONE	000008040000
gPlayerSequenceJab_1HS	0x23830D0	0x1992B70	15	0x238312A	8	A2	Attack2	6	0	3	PLAY_SOUND	000008060003
gPlayerSequenceJab_1HS	0x23830D0	0x1992B70	16	0x2383130	8	A2	Attack2	9	0	0	NONE	000008090000
gPlayerSequenceJab_1HS	0x23830D0	0x1992B70	17	0x2383136	8	A2	Attack2	10	0	1	MELEE_ATTACK	0000080A0001
gPlayerSequenceJab_1HS	0x23830D0	0x1992B70	18	0x238313C	8	A2	Attack2	11	0	0	NONE	0000080B0000
gPlayerSequenceJab_1HS	0x23830D0	0x1992B70	19	0x2383142	8	A2	Attack2	13	0	0	NONE	0000080D0000
gPlayerSequenceJab_1HS	0x23830D0	0x1992B70	20	0x2383148	8	A2	Attack2	15	0	0	NONE	0000080F0000
gPlayerSequenceSacrifice_1HT	0x23832A0	0x1993B18	0	0x23832A0	8	A2	Attack2	0	0	0	NONE	000008000000
gPlayerSequenceSacrifice_1HT	0x23832A0	0x1993B18	1	0x23832A6	8	A2	Attack2	2	0	0	NONE	000008020000
gPlayerSequenceSacrifice_1HT	0x23832A0	0x1993B18	2	0x23832AC	8	A2	Attack2	4	0	0	NONE	000008040000
gPlayerSequenceSacrifice_1HT	0x23832A0	0x1993B18	3	0x23832B2	8	A2	Attack2	7	0	1	MELEE_ATTACK	000008070001
gPlayerSequenceSacrifice_1HT	0x23832A0	0x1993B18	4	0x23832B8	8	A2	Attack2	8	0	0	NONE	000008080000
gPlayerSequenceSacrifice_1HT	0x23832A0	0x1993B18	5	0x23832BE	8	A2	Attack2	10	0	0	NONE	0000080A0000
gPlayerSequenceSacrifice_1HT	0x23832A0	0x1993B18	6	0x23832C4	8	A2	Attack2	13	0	0	NONE	0000080D0000
gPlayerSequenceSacrifice_STF	0x23832D0	0x19909F8	0	0x23832D0	7	A1	Attack1	0	0	0	NONE	000007000000
gPlayerSequenceSacrifice_STF	0x23832D0	0x19909F8	1	0x23832D6	7	A1	Attack1	2	0	0	NONE	000007020000
gPlayerSequenceSacrifice_STF	0x23832D0	0x19909F8	2	0x23832DC	7	A1	Attack1	4	0	0	NONE	000007040000
gPlayerSequenceSacrifice_STF	0x23832D0	0x19909F8	3	0x23832E2	7	A1	Attack1	6	0	0	NONE	000007060000
gPlayerSequenceSacrifice_STF	0x23832D0	0x19909F8	4	0x23832E8	7	A1	Attack1	8	0	1	MELEE_ATTACK	000007080001
gPlayerSequenceSacrifice_STF	0x23832D0	0x19909F8	5	0x23832EE	7	A1	Attack1	10	0	0	NONE	0000070A0000
gPlayerSequenceSacrifice_STF	0x23832D0	0x19909F8	6	0x23832F4	7	A1	Attack1	13	0	0	NONE	0000070D0000
gPlayerSequenceSacrifice_STF	0x23832D0	0x19909F8	7	0x23832FA	7	A1	Attack1	15	0	0	NONE	0000070F0000
gPlayerSequenceChastise_1HT	0x2383450	0x1993300	0	0x2383450	13	S1	Skill1	3	0	0	NONE	00000D030000
gPlayerSequenceChastise_1HT	0x2383450	0x1993300	1	0x2383456	13	S1	Skill1	4	0	0	NONE	00000D040000
gPlayerSequenceChastise_1HT	0x2383450	0x1993300	2	0x238345C	13	S1	Skill1	5	0	0	NONE	00000D050000
gPlayerSequenceChastise_1HT	0x2383450	0x1993300	3	0x2383462	13	S1	Skill1	6	0	0	NONE	00000D060000
gPlayerSequenceChastise_1HT	0x2383450	0x1993300	4	0x2383468	13	S1	Skill1	7	0	0	NONE	00000D070000
gPlayerSequenceChastise_1HT	0x2383450	0x1993300	5	0x238346E	13	S1	Skill1	8	0	0	NONE	00000D080000
gPlayerSequenceChastise_1HT	0x2383450	0x1993300	6	0x2383474	13	S1	Skill1	10	0	0	NONE	00000D0A0000
gPlayerSequenceChastise_1HT	0x2383450	0x1993300	7	0x238347A	8	A2	Attack2	1	0	0	NONE	000008010000
gPlayerSequenceChastise_1HT	0x2383450	0x1993300	8	0x2383480	8	A2	Attack2	2	0	0	NONE	000008020000
gPlayerSequenceChastise_1HT	0x2383450	0x1993300	9	0x2383486	8	A2	Attack2	4	0	0	NONE	000008040000
gPlayerSequenceChastise_1HT	0x2383450	0x1993300	10	0x238348C	8	A2	Attack2	6	0	0	NONE	000008060000
gPlayerSequenceChastise_1HT	0x2383450	0x1993300	11	0x2383492	8	A2	Attack2	7	0	1	MELEE_ATTACK	000008070001
gPlayerSequenceChastise_1HT	0x2383450	0x1993300	12	0x2383498	8	A2	Attack2	8	0	0	NONE	000008080000
gPlayerSequenceChastise_1HT	0x2383450	0x1993300	13	0x238349E	8	A2	Attack2	10	0	0	NONE	0000080A0000
gPlayerSequenceChastise_1HT	0x2383450	0x1993300	14	0x23834A4	8	A2	Attack2	11	0	0	NONE	0000080B0000
gPlayerSequenceChastise_1HT	0x2383450	0x1993300	15	0x23834AA	8	A2	Attack2	13	0	0	NONE	0000080D0000
gPlayerSequenceCharge	0x2383600	0x1992F40	0	0x2383600	3	RN	Run	0	0	1	MELEE_ATTACK	000003000001
gPlayerSequenceCharge	0x2383600	0x1992F40	1	0x2383606	3	RN	Run	1	0	1	MELEE_ATTACK	000003010001
gPlayerSequenceCharge	0x2383600	0x1992F40	2	0x238360C	3	RN	Run	2	0	1	MELEE_ATTACK	000003020001
gPlayerSequenceCharge	0x2383600	0x1992F40	3	0x2383612	3	RN	Run	3	0	1	MELEE_ATTACK	000003030001
gPlayerSequenceCharge	0x2383600	0x1992F40	4	0x2383618	3	RN	Run	4	0	1	MELEE_ATTACK	000003040001
gPlayerSequenceCharge	0x2383600	0x1992F40	5	0x238361E	3	RN	Run	5	0	1	MELEE_ATTACK	000003050001
gPlayerSequenceCharge	0x2383600	0x1992F40	6	0x2383624	3	RN	Run	6	0	1	MELEE_ATTACK	000003060001
gPlayerSequenceCharge	0x2383600	0x1992F40	7	0x238362A	3	RN	Run	7	0	1	MELEE_ATTACK	000003070001
gPlayerSequenceCharge	0x2383600	0x1992F40	8	0x2383630	7	A1	Attack1	1	0	0	NONE	000007010000
gPlayerSequenceCharge	0x2383600	0x1992F40	9	0x2383636	7	A1	Attack1	4	0	0	NONE	000007040000
gPlayerSequenceCharge	0x2383600	0x1992F40	10	0x238363C	7	A1	Attack1	5	0	3	PLAY_SOUND	000007050003
gPlayerSequenceCharge	0x2383600	0x1992F40	11	0x2383642	7	A1	Attack1	6	0	1	MELEE_ATTACK	000007060001
gPlayerSequenceCharge	0x2383600	0x1992F40	12	0x2383648	7	A1	Attack1	8	0	0	NONE	000007080000
gPlayerSequenceCharge	0x2383600	0x1992F40	13	0x238364E	7	A1	Attack1	10	0	0	NONE	0000070A0000
gPlayerSequenceCharge	0x2383600	0x1992F40	14	0x2383654	7	A1	Attack1	12	0	0	NONE	0000070C0000
gPlayerSequenceDefiance_1HT	0x23837B0	0x1990948	0	0x23837B0	8	A2	Attack2	5	0	0	NONE	000008050000
gPlayerSequenceDefiance_1HT	0x23837B0	0x1990948	1	0x23837B6	8	A2	Attack2	6	0	0	NONE	000008060000
gPlayerSequenceDefiance_1HT	0x23837B0	0x1990948	2	0x23837BC	8	A2	Attack2	7	0	1	MELEE_ATTACK	000008070001
gPlayerSequenceDefiance_1HT	0x23837B0	0x1990948	3	0x23837C2	8	A2	Attack2	8	0	0	NONE	000008080000
gPlayerSequenceDefiance_1HT	0x23837B0	0x1990948	4	0x23837C8	8	A2	Attack2	10	0	0	NONE	0000080A0000
gPlayerSequenceDefiance_1HT	0x23837B0	0x1990948	5	0x23837CE	8	A2	Attack2	12	0	0	NONE	0000080C0000
gPlayerSequenceInferno	0x2383930	0x1992D30|0x1993680	0	0x2383930	10	SC	Cast	0	0	0	NONE	00000A000000
gPlayerSequenceInferno	0x2383930	0x1992D30|0x1993680	1	0x2383936	10	SC	Cast	1	0	0	NONE	00000A010000
gPlayerSequenceInferno	0x2383930	0x1992D30|0x1993680	2	0x238393C	10	SC	Cast	2	0	0	NONE	00000A020000
gPlayerSequenceInferno	0x2383930	0x1992D30|0x1993680	3	0x2383942	10	SC	Cast	3	0	0	NONE	00000A030000
gPlayerSequenceInferno	0x2383930	0x1992D30|0x1993680	4	0x2383948	10	SC	Cast	4	0	0	NONE	00000A040000
gPlayerSequenceInferno	0x2383930	0x1992D30|0x1993680	5	0x238394E	10	SC	Cast	5	0	0	NONE	00000A050000
gPlayerSequenceInferno	0x2383930	0x1992D30|0x1993680	6	0x2383954	10	SC	Cast	6	0	0	NONE	00000A060000
gPlayerSequenceInferno	0x2383930	0x1992D30|0x1993680	7	0x238395A	10	SC	Cast	7	0	0	NONE	00000A070000
gPlayerSequenceInferno	0x2383930	0x1992D30|0x1993680	8	0x2383960	10	SC	Cast	8	0	0	NONE	00000A080000
gPlayerSequenceInferno	0x2383930	0x1992D30|0x1993680	9	0x2383966	10	SC	Cast	9	0	0	NONE	00000A090000
gPlayerSequenceInferno	0x2383930	0x1992D30|0x1993680	10	0x238396C	10	SC	Cast	9	0	1	MELEE_ATTACK	00000A090001
gPlayerSequenceInferno	0x2383930	0x1992D30|0x1993680	11	0x2383972	10	SC	Cast	10	0	0	NONE	00000A0A0000
gPlayerSequenceInferno	0x2383930	0x1992D30|0x1993680	12	0x2383978	10	SC	Cast	11	0	0	NONE	00000A0B0000
gPlayerSequenceInferno	0x2383930	0x1992D30|0x1993680	13	0x238397E	10	SC	Cast	12	0	0	NONE	00000A0C0000
gPlayerSequenceInferno	0x2383930	0x1992D30|0x1993680	14	0x2383984	10	SC	Cast	13	0	0	NONE	00000A0D0000
gPlayerSequenceStrafe_2HS	0x2383AE0	0x19921D0	0	0x2383AE0	7	A1	Attack1	0	0	0	NONE	000007000000
gPlayerSequenceStrafe_2HS	0x2383AE0	0x19921D0	1	0x2383AE6	7	A1	Attack1	1	0	0	NONE	000007010000
gPlayerSequenceStrafe_2HS	0x2383AE0	0x19921D0	2	0x2383AEC	7	A1	Attack1	2	0	0	NONE	000007020000
gPlayerSequenceStrafe_2HS	0x2383AE0	0x19921D0	3	0x2383AF2	7	A1	Attack1	3	0	0	NONE	000007030000
gPlayerSequenceStrafe_2HS	0x2383AE0	0x19921D0	4	0x2383AF8	7	A1	Attack1	4	0	0	NONE	000007040000
gPlayerSequenceStrafe_2HS	0x2383AE0	0x19921D0	5	0x2383AFE	7	A1	Attack1	6	0	1	MELEE_ATTACK	000007060001
gPlayerSequenceStrafe_2HS	0x2383AE0	0x19921D0	6	0x2383B04	7	A1	Attack1	7	0	0	NONE	000007070000
gPlayerSequenceStrafe_2HS	0x2383AE0	0x19921D0	7	0x2383B0A	7	A1	Attack1	8	0	0	NONE	000007080000
gPlayerSequenceStrafe_2HS	0x2383AE0	0x19921D0	8	0x2383B10	7	A1	Attack1	9	0	0	NONE	000007090000
gPlayerSequenceStrafe_2HS	0x2383AE0	0x19921D0	9	0x2383B16	7	A1	Attack1	10	0	0	NONE	0000070A0000
gPlayerSequenceStrafe_2HS	0x2383AE0	0x19921D0	10	0x2383B1C	7	A1	Attack1	11	0	0	NONE	0000070B0000
gPlayerSequenceStrafe_2HS	0x2383AE0	0x19921D0	11	0x2383B22	7	A1	Attack1	12	0	0	NONE	0000070C0000
gPlayerSequenceStrafe_2HS	0x2383AE0	0x19921D0	12	0x2383B28	7	A1	Attack1	13	0	0	NONE	0000070D0000
gPlayerSequenceStrafe_2HT	0x2383B30	0x19935D0	0	0x2383B30	7	A1	Attack1	0	0	0	NONE	000007000000
gPlayerSequenceStrafe_2HT	0x2383B30	0x19935D0	1	0x2383B36	7	A1	Attack1	1	0	0	NONE	000007010000
gPlayerSequenceStrafe_2HT	0x2383B30	0x19935D0	2	0x2383B3C	7	A1	Attack1	2	0	0	NONE	000007020000
gPlayerSequenceStrafe_2HT	0x2383B30	0x19935D0	3	0x2383B42	7	A1	Attack1	3	0	0	NONE	000007030000
gPlayerSequenceStrafe_2HT	0x2383B30	0x19935D0	4	0x2383B48	7	A1	Attack1	4	0	0	NONE	000007040000
gPlayerSequenceStrafe_2HT	0x2383B30	0x19935D0	5	0x2383B4E	7	A1	Attack1	5	0	0	NONE	000007050000
gPlayerSequenceStrafe_2HT	0x2383B30	0x19935D0	6	0x2383B54	7	A1	Attack1	6	0	0	NONE	000007060000
gPlayerSequenceStrafe_2HT	0x2383B30	0x19935D0	7	0x2383B5A	7	A1	Attack1	7	0	0	NONE	000007070000
gPlayerSequenceStrafe_2HT	0x2383B30	0x19935D0	8	0x2383B60	7	A1	Attack1	8	0	0	NONE	000007080000
gPlayerSequenceStrafe_2HT	0x2383B30	0x19935D0	9	0x2383B66	7	A1	Attack1	9	0	0	NONE	000007090000
gPlayerSequenceStrafe_2HT	0x2383B30	0x19935D0	10	0x2383B6C	7	A1	Attack1	10	0	0	NONE	0000070A0000
gPlayerSequenceStrafe_2HT	0x2383B30	0x19935D0	11	0x2383B72	7	A1	Attack1	11	0	1	MELEE_ATTACK	0000070B0001
gPlayerSequenceStrafe_2HT	0x2383B30	0x19935D0	12	0x2383B78	7	A1	Attack1	12	0	0	NONE	0000070C0000
gPlayerSequenceStrafe_2HT	0x2383B30	0x19935D0	13	0x2383B7E	7	A1	Attack1	13	0	0	NONE	0000070D0000
gPlayerSequenceStrafe_2HT	0x2383B30	0x19935D0	14	0x2383B84	7	A1	Attack1	14	0	0	NONE	0000070E0000
gPlayerSequenceStrafe_2HT	0x2383B30	0x19935D0	15	0x2383B8A	7	A1	Attack1	15	0	0	NONE	0000070F0000
gPlayerSequenceStrafe_2HT	0x2383B30	0x19935D0	16	0x2383B90	7	A1	Attack1	16	0	0	NONE	000007100000
gPlayerSequenceStrafe_2HT	0x2383B30	0x19935D0	17	0x2383B96	7	A1	Attack1	17	0	0	NONE	000007110000
gPlayerSequenceStrafe_2HT	0x2383B30	0x19935D0	18	0x2383B9C	7	A1	Attack1	18	0	0	NONE	000007120000
gPlayerSequenceStrafe_2HT	0x2383B30	0x19935D0	19	0x2383BA2	7	A1	Attack1	19	0	0	NONE	000007130000
gPlayerSequenceImpale_BOW	0x2383D00	0x1992000	0	0x2383D00	7	A1	Attack1	0	0	0	NONE	000007000000
gPlayerSequenceImpale_BOW	0x2383D00	0x1992000	1	0x2383D06	7	A1	Attack1	1	0	0	NONE	000007010000
gPlayerSequenceImpale_BOW	0x2383D00	0x1992000	2	0x2383D0C	7	A1	Attack1	1	0	0	NONE	000007010000
gPlayerSequenceImpale_BOW	0x2383D00	0x1992000	3	0x2383D12	7	A1	Attack1	1	0	0	NONE	000007010000
gPlayerSequenceImpale_BOW	0x2383D00	0x1992000	4	0x2383D18	7	A1	Attack1	2	0	0	NONE	000007020000
gPlayerSequenceImpale_BOW	0x2383D00	0x1992000	5	0x2383D1E	7	A1	Attack1	2	0	0	NONE	000007020000
gPlayerSequenceImpale_BOW	0x2383D00	0x1992000	6	0x2383D24	7	A1	Attack1	2	0	0	NONE	000007020000
gPlayerSequenceImpale_BOW	0x2383D00	0x1992000	7	0x2383D2A	7	A1	Attack1	3	0	0	NONE	000007030000
gPlayerSequenceImpale_BOW	0x2383D00	0x1992000	8	0x2383D30	7	A1	Attack1	3	0	0	NONE	000007030000
gPlayerSequenceImpale_BOW	0x2383D00	0x1992000	9	0x2383D36	7	A1	Attack1	4	0	0	NONE	000007040000
gPlayerSequenceImpale_BOW	0x2383D00	0x1992000	10	0x2383D3C	7	A1	Attack1	4	0	0	NONE	000007040000
gPlayerSequenceImpale_BOW	0x2383D00	0x1992000	11	0x2383D42	7	A1	Attack1	5	0	0	NONE	000007050000
gPlayerSequenceImpale_BOW	0x2383D00	0x1992000	12	0x2383D48	7	A1	Attack1	6	0	0	NONE	000007060000
gPlayerSequenceImpale_BOW	0x2383D00	0x1992000	13	0x2383D4E	7	A1	Attack1	7	0	1	MELEE_ATTACK	000007070001
gPlayerSequenceImpale_BOW	0x2383D00	0x1992000	14	0x2383D54	7	A1	Attack1	8	0	0	NONE	000007080000
gPlayerSequenceImpale_BOW	0x2383D00	0x1992000	15	0x2383D5A	7	A1	Attack1	9	0	0	NONE	000007090000
gPlayerSequenceImpale_BOW	0x2383D00	0x1992000	16	0x2383D60	7	A1	Attack1	10	0	0	NONE	0000070A0000
gPlayerSequenceImpale_BOW	0x2383D00	0x1992000	17	0x2383D66	7	A1	Attack1	11	0	0	NONE	0000070B0000
gPlayerSequenceImpale_BOW	0x2383D00	0x1992000	18	0x2383D6C	7	A1	Attack1	12	0	0	NONE	0000070C0000
gPlayerSequenceImpale_BOW	0x2383D00	0x1992000	19	0x2383D72	7	A1	Attack1	13	0	0	NONE	0000070D0000
gPlayerSequenceImpale_BOW	0x2383D00	0x1992000	20	0x2383D78	7	A1	Attack1	14	0	0	NONE	0000070E0000
gPlayerSequenceImpale_1HS	0x2383D80	0x19927B0	0	0x2383D80	7	A1	Attack1	0	0	0	NONE	000007000000
gPlayerSequenceImpale_1HS	0x2383D80	0x19927B0	1	0x2383D86	7	A1	Attack1	1	0	0	NONE	000007010000
gPlayerSequenceImpale_1HS	0x2383D80	0x19927B0	2	0x2383D8C	7	A1	Attack1	1	0	0	NONE	000007010000
gPlayerSequenceImpale_1HS	0x2383D80	0x19927B0	3	0x2383D92	7	A1	Attack1	1	0	0	NONE	000007010000
gPlayerSequenceImpale_1HS	0x2383D80	0x19927B0	4	0x2383D98	7	A1	Attack1	2	0	0	NONE	000007020000
gPlayerSequenceImpale_1HS	0x2383D80	0x19927B0	5	0x2383D9E	7	A1	Attack1	2	0	0	NONE	000007020000
gPlayerSequenceImpale_1HS	0x2383D80	0x19927B0	6	0x2383DA4	7	A1	Attack1	2	0	0	NONE	000007020000
gPlayerSequenceImpale_1HS	0x2383D80	0x19927B0	7	0x2383DAA	7	A1	Attack1	3	0	0	NONE	000007030000
gPlayerSequenceImpale_1HS	0x2383D80	0x19927B0	8	0x2383DB0	7	A1	Attack1	3	0	0	NONE	000007030000
gPlayerSequenceImpale_1HS	0x2383D80	0x19927B0	9	0x2383DB6	7	A1	Attack1	4	0	0	NONE	000007040000
gPlayerSequenceImpale_1HS	0x2383D80	0x19927B0	10	0x2383DBC	7	A1	Attack1	4	0	0	NONE	000007040000
gPlayerSequenceImpale_1HS	0x2383D80	0x19927B0	11	0x2383DC2	7	A1	Attack1	5	0	0	NONE	000007050000
gPlayerSequenceImpale_1HS	0x2383D80	0x19927B0	12	0x2383DC8	7	A1	Attack1	6	0	0	NONE	000007060000
gPlayerSequenceImpale_1HS	0x2383D80	0x19927B0	13	0x2383DCE	7	A1	Attack1	7	0	0	NONE	000007070000
gPlayerSequenceImpale_1HS	0x2383D80	0x19927B0	14	0x2383DD4	7	A1	Attack1	8	0	0	NONE	000007080000
gPlayerSequenceImpale_1HS	0x2383D80	0x19927B0	15	0x2383DDA	7	A1	Attack1	9	0	1	MELEE_ATTACK	000007090001
gPlayerSequenceImpale_1HS	0x2383D80	0x19927B0	16	0x2383DE0	7	A1	Attack1	10	0	0	NONE	0000070A0000
gPlayerSequenceImpale_1HS	0x2383D80	0x19927B0	17	0x2383DE6	7	A1	Attack1	11	0	0	NONE	0000070B0000
gPlayerSequenceImpale_1HS	0x2383D80	0x19927B0	18	0x2383DEC	7	A1	Attack1	12	0	0	NONE	0000070C0000
gPlayerSequenceImpale_1HS	0x2383D80	0x19927B0	19	0x2383DF2	7	A1	Attack1	13	0	0	NONE	0000070D0000
gPlayerSequenceImpale_1HS	0x2383D80	0x19927B0	20	0x2383DF8	7	A1	Attack1	14	0	0	NONE	0000070E0000
gPlayerSequenceImpale_1HS	0x2383D80	0x19927B0	21	0x2383DFE	7	A1	Attack1	15	0	0	NONE	0000070F0000
gPlayerSequenceImpale_1HS	0x2383D80	0x19927B0	22	0x2383E04	7	A1	Attack1	16	0	0	NONE	000007100000
gPlayerSequenceImpale_1HS	0x2383D80	0x19927B0	23	0x2383E0A	7	A1	Attack1	17	0	0	NONE	000007110000
gPlayerSequenceFend_BOW	0x2383F60	0x1993BC0	0	0x2383F60	7	A1	Attack1	0	0	0	NONE	000007000000
gPlayerSequenceFend_BOW	0x2383F60	0x1993BC0	1	0x2383F66	7	A1	Attack1	1	0	0	NONE	000007010000
gPlayerSequenceFend_BOW	0x2383F60	0x1993BC0	2	0x2383F6C	7	A1	Attack1	2	0	0	NONE	000007020000
gPlayerSequenceFend_BOW	0x2383F60	0x1993BC0	3	0x2383F72	7	A1	Attack1	3	0	0	NONE	000007030000
gPlayerSequenceFend_BOW	0x2383F60	0x1993BC0	4	0x2383F78	7	A1	Attack1	4	0	0	NONE	000007040000
gPlayerSequenceFend_BOW	0x2383F60	0x1993BC0	5	0x2383F7E	7	A1	Attack1	5	0	0	NONE	000007050000
gPlayerSequenceFend_BOW	0x2383F60	0x1993BC0	6	0x2383F84	7	A1	Attack1	6	0	0	NONE	000007060000
gPlayerSequenceFend_BOW	0x2383F60	0x1993BC0	7	0x2383F8A	8	A2	Attack2	6	0	0	NONE	000008060000
gPlayerSequenceFend_BOW	0x2383F60	0x1993BC0	8	0x2383F90	7	A1	Attack1	8	0	0	NONE	000007080000
gPlayerSequenceFend_BOW	0x2383F60	0x1993BC0	9	0x2383F96	8	A2	Attack2	8	0	0	NONE	000008080000
gPlayerSequenceFend_BOW	0x2383F60	0x1993BC0	10	0x2383F9C	7	A1	Attack1	9	0	0	NONE	000007090000
gPlayerSequenceFend_BOW	0x2383F60	0x1993BC0	11	0x2383FA2	8	A2	Attack2	9	0	0	NONE	000008090000
gPlayerSequenceFend_BOW	0x2383F60	0x1993BC0	12	0x2383FA8	7	A1	Attack1	12	0	0	NONE	0000070C0000
gPlayerSequenceFend_BOW	0x2383F60	0x1993BC0	13	0x2383FAE	8	A2	Attack2	12	0	1	MELEE_ATTACK	0000080C0001
gPlayerSequenceFend_BOW	0x2383F60	0x1993BC0	14	0x2383FB4	7	A1	Attack1	13	0	0	NONE	0000070D0000
gPlayerSequenceFend_BOW	0x2383F60	0x1993BC0	15	0x2383FBA	7	A1	Attack1	14	0	0	NONE	0000070E0000
gPlayerSequenceFend_1HS	0x2383FC0	0x1992D90	0	0x2383FC0	7	A1	Attack1	0	0	0	NONE	000007000000
gPlayerSequenceFend_1HS	0x2383FC0	0x1992D90	1	0x2383FC6	7	A1	Attack1	1	0	0	NONE	000007010000
gPlayerSequenceFend_1HS	0x2383FC0	0x1992D90	2	0x2383FCC	7	A1	Attack1	2	0	0	NONE	000007020000
gPlayerSequenceFend_1HS	0x2383FC0	0x1992D90	3	0x2383FD2	8	A2	Attack2	2	0	0	NONE	000008020000
gPlayerSequenceFend_1HS	0x2383FC0	0x1992D90	4	0x2383FD8	7	A1	Attack1	6	0	0	NONE	000007060000
gPlayerSequenceFend_1HS	0x2383FC0	0x1992D90	5	0x2383FDE	8	A2	Attack2	6	0	0	NONE	000008060000
gPlayerSequenceFend_1HS	0x2383FC0	0x1992D90	6	0x2383FE4	7	A1	Attack1	9	0	0	NONE	000007090000
gPlayerSequenceFend_1HS	0x2383FC0	0x1992D90	7	0x2383FEA	8	A2	Attack2	9	0	0	NONE	000008090000
gPlayerSequenceFend_1HS	0x2383FC0	0x1992D90	8	0x2383FF0	7	A1	Attack1	12	0	0	NONE	0000070C0000
gPlayerSequenceFend_1HS	0x2383FC0	0x1992D90	9	0x2383FF6	8	A2	Attack2	10	0	0	NONE	0000080A0000
gPlayerSequenceFend_1HS	0x2383FC0	0x1992D90	10	0x2383FFC	7	A1	Attack1	14	0	0	NONE	0000070E0000
gPlayerSequenceFend_1HS	0x2383FC0	0x1992D90	11	0x2384002	8	A2	Attack2	14	0	0	NONE	0000080E0000
gPlayerSequenceFend_1HS	0x2383FC0	0x1992D90	12	0x2384008	7	A1	Attack1	15	0	0	NONE	0000070F0000
gPlayerSequenceFend_1HS	0x2383FC0	0x1992D90	13	0x238400E	7	A1	Attack1	16	0	0	NONE	000007100000
gPlayerSequenceFend_1HS	0x2383FC0	0x1992D90	14	0x2384014	7	A1	Attack1	17	0	0	NONE	000007110000
gPlayerSequenceFend_1HS	0x2383FC0	0x1992D90	15	0x238401A	0	DT	Death	0	0	0	NONE	000000000000
gPlayerSequenceWhirlwind	0x2384170	0x1990D58	0	0x2384170	7	A1	Attack1	0	0	0	NONE	000007000000
gPlayerSequenceWhirlwind	0x2384170	0x1990D58	1	0x2384176	7	A1	Attack1	1	0	0	NONE	000007010000
gPlayerSequenceWhirlwind	0x2384170	0x1990D58	2	0x238417C	7	A1	Attack1	2	0	0	NONE	000007020000
gPlayerSequenceWhirlwind	0x2384170	0x1990D58	3	0x2384182	7	A1	Attack1	3	0	1	MELEE_ATTACK	000007030001
gPlayerSequenceWhirlwind	0x2384170	0x1990D58	4	0x2384188	7	A1	Attack1	3	0	0	NONE	000007030000
gPlayerSequenceWhirlwind	0x2384170	0x1990D58	5	0x238418E	7	A1	Attack1	4	0	0	NONE	000007040000
gPlayerSequenceWhirlwind	0x2384170	0x1990D58	6	0x2384194	7	A1	Attack1	5	0	0	NONE	000007050000
gPlayerSequenceWhirlwind	0x2384170	0x1990D58	7	0x238419A	7	A1	Attack1	6	0	1	MELEE_ATTACK	000007060001
gPlayerSequenceDoubleSwing	0x23842F0	0x19934B0	0	0x23842F0	7	A1	Attack1	1	0	0	NONE	000007010000
gPlayerSequenceDoubleSwing	0x23842F0	0x19934B0	1	0x23842F6	7	A1	Attack1	2	0	0	NONE	000007020000
gPlayerSequenceDoubleSwing	0x23842F0	0x19934B0	2	0x23842FC	7	A1	Attack1	4	0	0	NONE	000007040000
gPlayerSequenceDoubleSwing	0x23842F0	0x19934B0	3	0x2384302	7	A1	Attack1	6	0	0	NONE	000007060000
gPlayerSequenceDoubleSwing	0x23842F0	0x19934B0	4	0x2384308	7	A1	Attack1	7	0	1	MELEE_ATTACK	000007070001
gPlayerSequenceDoubleSwing	0x23842F0	0x19934B0	5	0x238430E	7	A1	Attack1	9	0	0	NONE	000007090000
gPlayerSequenceDoubleSwing	0x23842F0	0x19934B0	6	0x2384314	7	A1	Attack1	11	0	0	NONE	0000070B0000
gPlayerSequenceDoubleSwing	0x23842F0	0x19934B0	7	0x238431A	7	A1	Attack1	13	0	0	NONE	0000070D0000
gPlayerSequenceDoubleSwing	0x23842F0	0x19934B0	8	0x2384320	7	A1	Attack1	14	0	0	NONE	0000070E0000
gPlayerSequenceDoubleSwing	0x23842F0	0x19934B0	9	0x2384326	15	S3	Skill3	2	0	1	MELEE_ATTACK	00000F020001
gPlayerSequenceDoubleSwing	0x23842F0	0x19934B0	10	0x238432C	15	S3	Skill3	4	0	0	NONE	00000F040000
gPlayerSequenceDoubleSwing	0x23842F0	0x19934B0	11	0x2384332	15	S3	Skill3	5	0	0	NONE	00000F050000
gPlayerSequenceDoubleSwing	0x23842F0	0x19934B0	12	0x2384338	15	S3	Skill3	6	0	0	NONE	00000F060000
gPlayerSequenceDoubleSwing	0x23842F0	0x19934B0	13	0x238433E	15	S3	Skill3	8	0	0	NONE	00000F080000
gPlayerSequenceDoubleSwing	0x23842F0	0x19934B0	14	0x2384344	15	S3	Skill3	9	0	0	NONE	00000F090000
gPlayerSequenceDoubleSwing	0x23842F0	0x19934B0	15	0x238434A	15	S3	Skill3	10	0	0	NONE	00000F0A0000
gPlayerSequenceDoubleSwing	0x23842F0	0x19934B0	16	0x2384350	15	S3	Skill3	11	0	0	NONE	00000F0B0000
gPlayerSequenceLightning	0x23844B0	0x1991690	0	0x23844B0	10	SC	Cast	0	0	0	NONE	00000A000000
gPlayerSequenceLightning	0x23844B0	0x1991690	1	0x23844B6	10	SC	Cast	1	0	0	NONE	00000A010000
gPlayerSequenceLightning	0x23844B0	0x1991690	2	0x23844BC	10	SC	Cast	3	0	0	NONE	00000A030000
gPlayerSequenceLightning	0x23844B0	0x1991690	3	0x23844C2	10	SC	Cast	4	0	0	NONE	00000A040000
gPlayerSequenceLightning	0x23844B0	0x1991690	4	0x23844C8	10	SC	Cast	5	0	0	NONE	00000A050000
gPlayerSequenceLightning	0x23844B0	0x1991690	5	0x23844CE	10	SC	Cast	7	0	0	NONE	00000A070000
gPlayerSequenceLightning	0x23844B0	0x1991690	6	0x23844D4	10	SC	Cast	8	0	0	NONE	00000A080000
gPlayerSequenceLightning	0x23844B0	0x1991690	7	0x23844DA	10	SC	Cast	9	0	1	MELEE_ATTACK	00000A090001
gPlayerSequenceLightning	0x23844B0	0x1991690	8	0x23844E0	10	SC	Cast	9	0	0	NONE	00000A090000
gPlayerSequenceLightning	0x23844B0	0x1991690	9	0x23844E6	10	SC	Cast	9	0	0	NONE	00000A090000
gPlayerSequenceLightning	0x23844B0	0x1991690	10	0x23844EC	10	SC	Cast	9	0	0	NONE	00000A090000
gPlayerSequenceLightning	0x23844B0	0x1991690	11	0x23844F2	10	SC	Cast	10	0	0	NONE	00000A0A0000
gPlayerSequenceLightning	0x23844B0	0x1991690	12	0x23844F8	10	SC	Cast	9	0	0	NONE	00000A090000
gPlayerSequenceLightning	0x23844B0	0x1991690	13	0x23844FE	10	SC	Cast	9	0	0	NONE	00000A090000
gPlayerSequenceLightning	0x23844B0	0x1991690	14	0x2384504	10	SC	Cast	9	0	0	NONE	00000A090000
gPlayerSequenceLightning	0x23844B0	0x1991690	15	0x238450A	10	SC	Cast	10	0	0	NONE	00000A0A0000
gPlayerSequenceLightning	0x23844B0	0x1991690	16	0x2384510	10	SC	Cast	11	0	0	NONE	00000A0B0000
gPlayerSequenceLightning	0x23844B0	0x1991690	17	0x2384516	10	SC	Cast	12	0	0	NONE	00000A0C0000
gPlayerSequenceLightning	0x23844B0	0x1991690	18	0x238451C	10	SC	Cast	13	0	0	NONE	00000A0D0000
gPlayerSequenceLeap	0x2384680	0x1991730	0	0x2384680	13	S1	Skill1	0	0	0	NONE	00000D000000
gPlayerSequenceLeap	0x2384680	0x1991730	1	0x2384686	13	S1	Skill1	1	0	0	NONE	00000D010000
gPlayerSequenceLeap	0x2384680	0x1991730	2	0x238468C	13	S1	Skill1	2	0	0	NONE	00000D020000
gPlayerSequenceLeap	0x2384680	0x1991730	3	0x2384692	13	S1	Skill1	3	0	0	NONE	00000D030000
gPlayerSequenceLeap	0x2384680	0x1991730	4	0x2384698	13	S1	Skill1	4	0	0	NONE	00000D040000
gPlayerSequenceLeap	0x2384680	0x1991730	5	0x238469E	13	S1	Skill1	5	0	1	MELEE_ATTACK	00000D050001
gPlayerSequenceLeap	0x2384680	0x1991730	6	0x23846A4	13	S1	Skill1	6	0	0	NONE	00000D060000
gPlayerSequenceLeap	0x2384680	0x1991730	7	0x23846AA	13	S1	Skill1	7	0	0	NONE	00000D070000
gPlayerSequenceLeap	0x2384680	0x1991730	8	0x23846B0	13	S1	Skill1	8	0	0	NONE	00000D080000
gPlayerSequenceLeap	0x2384680	0x1991730	9	0x23846B6	13	S1	Skill1	9	0	0	NONE	00000D090000
gPlayerSequenceLeap	0x2384680	0x1991730	10	0x23846BC	13	S1	Skill1	10	0	0	NONE	00000D0A0000
gPlayerSequenceLeap	0x2384680	0x1991730	11	0x23846C2	13	S1	Skill1	11	0	1	MELEE_ATTACK	00000D0B0001
gPlayerSequenceLeap	0x2384680	0x1991730	12	0x23846C8	13	S1	Skill1	12	0	0	NONE	00000D0C0000
gPlayerSequenceLeap	0x2384680	0x1991730	13	0x23846CE	13	S1	Skill1	13	0	0	NONE	00000D0D0000
gPlayerSequenceLeap	0x2384680	0x1991730	14	0x23846D4	13	S1	Skill1	14	0	1	MELEE_ATTACK	00000D0E0001
gPlayerSequenceLeapAttack_HTH	0x2384830	0x1992840	0	0x2384830	13	S1	Skill1	0	0	0	NONE	00000D000000
gPlayerSequenceLeapAttack_HTH	0x2384830	0x1992840	1	0x2384836	13	S1	Skill1	1	0	0	NONE	00000D010000
gPlayerSequenceLeapAttack_HTH	0x2384830	0x1992840	2	0x238483C	13	S1	Skill1	2	0	0	NONE	00000D020000
gPlayerSequenceLeapAttack_HTH	0x2384830	0x1992840	3	0x2384842	13	S1	Skill1	3	0	0	NONE	00000D030000
gPlayerSequenceLeapAttack_HTH	0x2384830	0x1992840	4	0x2384848	13	S1	Skill1	4	0	0	NONE	00000D040000
gPlayerSequenceLeapAttack_HTH	0x2384830	0x1992840	5	0x238484E	13	S1	Skill1	5	0	1	MELEE_ATTACK	00000D050001
gPlayerSequenceLeapAttack_HTH	0x2384830	0x1992840	6	0x2384854	13	S1	Skill1	6	0	0	NONE	00000D060000
gPlayerSequenceLeapAttack_HTH	0x2384830	0x1992840	7	0x238485A	13	S1	Skill1	7	0	0	NONE	00000D070000
gPlayerSequenceLeapAttack_HTH	0x2384830	0x1992840	8	0x2384860	13	S1	Skill1	8	0	0	NONE	00000D080000
gPlayerSequenceLeapAttack_HTH	0x2384830	0x1992840	9	0x2384866	13	S1	Skill1	9	0	0	NONE	00000D090000
gPlayerSequenceLeapAttack_HTH	0x2384830	0x1992840	10	0x238486C	13	S1	Skill1	10	0	0	NONE	00000D0A0000
gPlayerSequenceLeapAttack_HTH	0x2384830	0x1992840	11	0x2384872	13	S1	Skill1	11	0	1	MELEE_ATTACK	00000D0B0001
gPlayerSequenceLeapAttack_HTH	0x2384830	0x1992840	12	0x2384878	13	S1	Skill1	12	0	0	NONE	00000D0C0000
gPlayerSequenceLeapAttack_HTH	0x2384830	0x1992840	13	0x238487E	13	S1	Skill1	13	0	0	NONE	00000D0D0000
gPlayerSequenceLeapAttack_HTH	0x2384830	0x1992840	14	0x2384884	13	S1	Skill1	14	0	0	NONE	00000D0E0000
gPlayerSequenceLeapAttack_HTH	0x2384830	0x1992840	15	0x238488A	7	A1	Attack1	5	0	0	NONE	000007050000
gPlayerSequenceLeapAttack_HTH	0x2384830	0x1992840	16	0x2384890	7	A1	Attack1	6	0	1	MELEE_ATTACK	000007060001
gPlayerSequenceLeapAttack_HTH	0x2384830	0x1992840	17	0x2384896	7	A1	Attack1	7	0	0	NONE	000007070000
gPlayerSequenceLeapAttack_HTH	0x2384830	0x1992840	18	0x238489C	7	A1	Attack1	8	0	0	NONE	000007080000
gPlayerSequenceLeapAttack_HTH	0x2384830	0x1992840	19	0x23848A2	7	A1	Attack1	9	0	0	NONE	000007090000
gPlayerSequenceLeapAttack_HTH	0x2384830	0x1992840	20	0x23848A8	7	A1	Attack1	10	0	0	NONE	0000070A0000
gPlayerSequenceLeapAttack_HTH	0x2384830	0x1992840	21	0x23848AE	7	A1	Attack1	11	0	0	NONE	0000070B0000
gPlayerSequenceLeapAttack_BOW_1HT	0x23848C0	0x1992370	0	0x23848C0	13	S1	Skill1	0	0	0	NONE	00000D000000
gPlayerSequenceLeapAttack_BOW_1HT	0x23848C0	0x1992370	1	0x23848C6	13	S1	Skill1	1	0	0	NONE	00000D010000
gPlayerSequenceLeapAttack_BOW_1HT	0x23848C0	0x1992370	2	0x23848CC	13	S1	Skill1	2	0	0	NONE	00000D020000
gPlayerSequenceLeapAttack_BOW_1HT	0x23848C0	0x1992370	3	0x23848D2	13	S1	Skill1	3	0	0	NONE	00000D030000
gPlayerSequenceLeapAttack_BOW_1HT	0x23848C0	0x1992370	4	0x23848D8	13	S1	Skill1	4	0	0	NONE	00000D040000
gPlayerSequenceLeapAttack_BOW_1HT	0x23848C0	0x1992370	5	0x23848DE	13	S1	Skill1	5	0	1	MELEE_ATTACK	00000D050001
gPlayerSequenceLeapAttack_BOW_1HT	0x23848C0	0x1992370	6	0x23848E4	13	S1	Skill1	6	0	0	NONE	00000D060000
gPlayerSequenceLeapAttack_BOW_1HT	0x23848C0	0x1992370	7	0x23848EA	13	S1	Skill1	7	0	0	NONE	00000D070000
gPlayerSequenceLeapAttack_BOW_1HT	0x23848C0	0x1992370	8	0x23848F0	13	S1	Skill1	8	0	0	NONE	00000D080000
gPlayerSequenceLeapAttack_BOW_1HT	0x23848C0	0x1992370	9	0x23848F6	13	S1	Skill1	9	0	0	NONE	00000D090000
gPlayerSequenceLeapAttack_BOW_1HT	0x23848C0	0x1992370	10	0x23848FC	13	S1	Skill1	10	0	0	NONE	00000D0A0000
gPlayerSequenceLeapAttack_BOW_1HT	0x23848C0	0x1992370	11	0x2384902	13	S1	Skill1	11	0	1	MELEE_ATTACK	00000D0B0001
gPlayerSequenceLeapAttack_BOW_1HT	0x23848C0	0x1992370	12	0x2384908	13	S1	Skill1	12	0	0	NONE	00000D0C0000
gPlayerSequenceLeapAttack_BOW_1HT	0x23848C0	0x1992370	13	0x238490E	13	S1	Skill1	13	0	0	NONE	00000D0D0000
gPlayerSequenceLeapAttack_BOW_1HT	0x23848C0	0x1992370	14	0x2384914	13	S1	Skill1	14	0	0	NONE	00000D0E0000
gPlayerSequenceLeapAttack_BOW_1HT	0x23848C0	0x1992370	15	0x238491A	7	A1	Attack1	6	0	0	NONE	000007060000
gPlayerSequenceLeapAttack_BOW_1HT	0x23848C0	0x1992370	16	0x2384920	7	A1	Attack1	7	0	1	MELEE_ATTACK	000007070001
gPlayerSequenceLeapAttack_BOW_1HT	0x23848C0	0x1992370	17	0x2384926	7	A1	Attack1	8	0	0	NONE	000007080000
gPlayerSequenceLeapAttack_BOW_1HT	0x23848C0	0x1992370	18	0x238492C	7	A1	Attack1	9	0	0	NONE	000007090000
gPlayerSequenceLeapAttack_BOW_1HT	0x23848C0	0x1992370	19	0x2384932	7	A1	Attack1	10	0	0	NONE	0000070A0000
gPlayerSequenceLeapAttack_BOW_1HT	0x23848C0	0x1992370	20	0x2384938	7	A1	Attack1	11	0	0	NONE	0000070B0000
gPlayerSequenceLeapAttack_BOW_1HT	0x23848C0	0x1992370	21	0x238493E	7	A1	Attack1	12	0	0	NONE	0000070C0000
gPlayerSequenceLeapAttack_BOW_1HT	0x23848C0	0x1992370	22	0x2384944	7	A1	Attack1	13	0	0	NONE	0000070D0000
gPlayerSequenceLeapAttack_BOW_1HT	0x23848C0	0x1992370	23	0x238494A	7	A1	Attack1	14	0	0	NONE	0000070E0000
gPlayerSequenceLeapAttack_BOW_1HT	0x23848C0	0x1992370	24	0x2384950	7	A1	Attack1	15	0	0	NONE	0000070F0000
gPlayerSequenceLeapAttack_1HS_XBW	0x2384960	0x1992500	0	0x2384960	13	S1	Skill1	0	0	0	NONE	00000D000000
gPlayerSequenceLeapAttack_1HS_XBW	0x2384960	0x1992500	1	0x2384966	13	S1	Skill1	1	0	0	NONE	00000D010000
gPlayerSequenceLeapAttack_1HS_XBW	0x2384960	0x1992500	2	0x238496C	13	S1	Skill1	2	0	0	NONE	00000D020000
gPlayerSequenceLeapAttack_1HS_XBW	0x2384960	0x1992500	3	0x2384972	13	S1	Skill1	3	0	0	NONE	00000D030000
gPlayerSequenceLeapAttack_1HS_XBW	0x2384960	0x1992500	4	0x2384978	13	S1	Skill1	4	0	0	NONE	00000D040000
gPlayerSequenceLeapAttack_1HS_XBW	0x2384960	0x1992500	5	0x238497E	13	S1	Skill1	5	0	1	MELEE_ATTACK	00000D050001
gPlayerSequenceLeapAttack_1HS_XBW	0x2384960	0x1992500	6	0x2384984	13	S1	Skill1	6	0	0	NONE	00000D060000
gPlayerSequenceLeapAttack_1HS_XBW	0x2384960	0x1992500	7	0x238498A	13	S1	Skill1	7	0	0	NONE	00000D070000
gPlayerSequenceLeapAttack_1HS_XBW	0x2384960	0x1992500	8	0x2384990	13	S1	Skill1	8	0	0	NONE	00000D080000
gPlayerSequenceLeapAttack_1HS_XBW	0x2384960	0x1992500	9	0x2384996	13	S1	Skill1	9	0	0	NONE	00000D090000
gPlayerSequenceLeapAttack_1HS_XBW	0x2384960	0x1992500	10	0x238499C	13	S1	Skill1	10	0	0	NONE	00000D0A0000
gPlayerSequenceLeapAttack_1HS_XBW	0x2384960	0x1992500	11	0x23849A2	13	S1	Skill1	11	0	1	MELEE_ATTACK	00000D0B0001
gPlayerSequenceLeapAttack_1HS_XBW	0x2384960	0x1992500	12	0x23849A8	13	S1	Skill1	12	0	0	NONE	00000D0C0000
gPlayerSequenceLeapAttack_1HS_XBW	0x2384960	0x1992500	13	0x23849AE	13	S1	Skill1	13	0	0	NONE	00000D0D0000
gPlayerSequenceLeapAttack_1HS_XBW	0x2384960	0x1992500	14	0x23849B4	13	S1	Skill1	14	0	0	NONE	00000D0E0000
gPlayerSequenceLeapAttack_1HS_XBW	0x2384960	0x1992500	15	0x23849BA	7	A1	Attack1	6	0	0	NONE	000007060000
gPlayerSequenceLeapAttack_1HS_XBW	0x2384960	0x1992500	16	0x23849C0	7	A1	Attack1	7	0	0	NONE	000007070000
gPlayerSequenceLeapAttack_1HS_XBW	0x2384960	0x1992500	17	0x23849C6	7	A1	Attack1	8	0	0	NONE	000007080000
gPlayerSequenceLeapAttack_1HS_XBW	0x2384960	0x1992500	18	0x23849CC	7	A1	Attack1	9	0	1	MELEE_ATTACK	000007090001
gPlayerSequenceLeapAttack_1HS_XBW	0x2384960	0x1992500	19	0x23849D2	7	A1	Attack1	10	0	0	NONE	0000070A0000
gPlayerSequenceLeapAttack_1HS_XBW	0x2384960	0x1992500	20	0x23849D8	7	A1	Attack1	11	0	0	NONE	0000070B0000
gPlayerSequenceLeapAttack_1HS_XBW	0x2384960	0x1992500	21	0x23849DE	7	A1	Attack1	12	0	0	NONE	0000070C0000
gPlayerSequenceLeapAttack_1HS_XBW	0x2384960	0x1992500	22	0x23849E4	7	A1	Attack1	13	0	0	NONE	0000070D0000
gPlayerSequenceLeapAttack_1HS_XBW	0x2384960	0x1992500	23	0x23849EA	7	A1	Attack1	14	0	0	NONE	0000070E0000
gPlayerSequenceLeapAttack_1HS_XBW	0x2384960	0x1992500	24	0x23849F0	7	A1	Attack1	15	0	0	NONE	0000070F0000
gPlayerSequenceLeapAttack_1HS_XBW	0x2384960	0x1992500	25	0x23849F6	7	A1	Attack1	16	0	0	NONE	000007100000
gPlayerSequenceLeapAttack_1HS_XBW	0x2384960	0x1992500	26	0x23849FC	7	A1	Attack1	17	0	0	NONE	000007110000
gPlayerSequenceLeapAttack_1HS_XBW	0x2384960	0x1992500	27	0x2384A02	7	A1	Attack1	18	0	0	NONE	000007120000
gPlayerSequenceLeapAttack_STF	0x2384A10	0x1990DA0	0	0x2384A10	13	S1	Skill1	0	0	0	NONE	00000D000000
gPlayerSequenceLeapAttack_STF	0x2384A10	0x1990DA0	1	0x2384A16	13	S1	Skill1	1	0	0	NONE	00000D010000
gPlayerSequenceLeapAttack_STF	0x2384A10	0x1990DA0	2	0x2384A1C	13	S1	Skill1	2	0	0	NONE	00000D020000
gPlayerSequenceLeapAttack_STF	0x2384A10	0x1990DA0	3	0x2384A22	13	S1	Skill1	3	0	0	NONE	00000D030000
gPlayerSequenceLeapAttack_STF	0x2384A10	0x1990DA0	4	0x2384A28	13	S1	Skill1	4	0	0	NONE	00000D040000
gPlayerSequenceLeapAttack_STF	0x2384A10	0x1990DA0	5	0x2384A2E	13	S1	Skill1	5	0	1	MELEE_ATTACK	00000D050001
gPlayerSequenceLeapAttack_STF	0x2384A10	0x1990DA0	6	0x2384A34	13	S1	Skill1	6	0	0	NONE	00000D060000
gPlayerSequenceLeapAttack_STF	0x2384A10	0x1990DA0	7	0x2384A3A	13	S1	Skill1	7	0	0	NONE	00000D070000
gPlayerSequenceLeapAttack_STF	0x2384A10	0x1990DA0	8	0x2384A40	13	S1	Skill1	8	0	0	NONE	00000D080000
gPlayerSequenceLeapAttack_STF	0x2384A10	0x1990DA0	9	0x2384A46	13	S1	Skill1	9	0	0	NONE	00000D090000
gPlayerSequenceLeapAttack_STF	0x2384A10	0x1990DA0	10	0x2384A4C	13	S1	Skill1	10	0	0	NONE	00000D0A0000
gPlayerSequenceLeapAttack_STF	0x2384A10	0x1990DA0	11	0x2384A52	13	S1	Skill1	11	0	1	MELEE_ATTACK	00000D0B0001
gPlayerSequenceLeapAttack_STF	0x2384A10	0x1990DA0	12	0x2384A58	13	S1	Skill1	12	0	0	NONE	00000D0C0000
gPlayerSequenceLeapAttack_STF	0x2384A10	0x1990DA0	13	0x2384A5E	13	S1	Skill1	13	0	0	NONE	00000D0D0000
gPlayerSequenceLeapAttack_STF	0x2384A10	0x1990DA0	14	0x2384A64	13	S1	Skill1	14	0	0	NONE	00000D0E0000
gPlayerSequenceLeapAttack_STF	0x2384A10	0x1990DA0	15	0x2384A6A	7	A1	Attack1	6	0	0	NONE	000007060000
gPlayerSequenceLeapAttack_STF	0x2384A10	0x1990DA0	16	0x2384A70	7	A1	Attack1	7	0	0	NONE	000007070000
gPlayerSequenceLeapAttack_STF	0x2384A10	0x1990DA0	17	0x2384A76	7	A1	Attack1	8	0	1	MELEE_ATTACK	000007080001
gPlayerSequenceLeapAttack_STF	0x2384A10	0x1990DA0	18	0x2384A7C	7	A1	Attack1	9	0	0	NONE	000007090000
gPlayerSequenceLeapAttack_STF	0x2384A10	0x1990DA0	19	0x2384A82	7	A1	Attack1	10	0	0	NONE	0000070A0000
gPlayerSequenceLeapAttack_STF	0x2384A10	0x1990DA0	20	0x2384A88	7	A1	Attack1	11	0	0	NONE	0000070B0000
gPlayerSequenceLeapAttack_STF	0x2384A10	0x1990DA0	21	0x2384A8E	7	A1	Attack1	12	0	0	NONE	0000070C0000
gPlayerSequenceLeapAttack_STF	0x2384A10	0x1990DA0	22	0x2384A94	7	A1	Attack1	13	0	0	NONE	0000070D0000
gPlayerSequenceLeapAttack_STF	0x2384A10	0x1990DA0	23	0x2384A9A	7	A1	Attack1	14	0	0	NONE	0000070E0000
gPlayerSequenceLeapAttack_STF	0x2384A10	0x1990DA0	24	0x2384AA0	7	A1	Attack1	15	0	0	NONE	0000070F0000
gPlayerSequenceLeapAttack_STF	0x2384A10	0x1990DA0	25	0x2384AA6	7	A1	Attack1	16	0	0	NONE	000007100000
gPlayerSequenceLeapAttack_STF	0x2384A10	0x1990DA0	26	0x2384AAC	7	A1	Attack1	17	0	0	NONE	000007110000
gPlayerSequenceDoubleThrow	0x2384C10	0x1993240	0	0x2384C10	11	TH	Throw	2	0	0	NONE	00000B020000
gPlayerSequenceDoubleThrow	0x2384C10	0x1993240	1	0x2384C16	11	TH	Throw	3	0	0	NONE	00000B030000
gPlayerSequenceDoubleThrow	0x2384C10	0x1993240	2	0x2384C1C	11	TH	Throw	4	0	0	NONE	00000B040000
gPlayerSequenceDoubleThrow	0x2384C10	0x1993240	3	0x2384C22	11	TH	Throw	6	0	0	NONE	00000B060000
gPlayerSequenceDoubleThrow	0x2384C10	0x1993240	4	0x2384C28	11	TH	Throw	7	0	0	NONE	00000B070000
gPlayerSequenceDoubleThrow	0x2384C10	0x1993240	5	0x2384C2E	11	TH	Throw	8	0	1	MELEE_ATTACK	00000B080001
gPlayerSequenceDoubleThrow	0x2384C10	0x1993240	6	0x2384C34	15	S3	Skill3	2	0	0	NONE	00000F020000
gPlayerSequenceDoubleThrow	0x2384C10	0x1993240	7	0x2384C3A	15	S3	Skill3	4	0	0	NONE	00000F040000
gPlayerSequenceDoubleThrow	0x2384C10	0x1993240	8	0x2384C40	15	S3	Skill3	5	0	0	NONE	00000F050000
gPlayerSequenceDoubleThrow	0x2384C10	0x1993240	9	0x2384C46	15	S3	Skill3	7	0	1	MELEE_ATTACK	00000F070001
gPlayerSequenceDoubleThrow	0x2384C10	0x1993240	10	0x2384C4C	15	S3	Skill3	8	0	0	NONE	00000F080000
gPlayerSequenceDoubleThrow	0x2384C10	0x1993240	11	0x2384C52	15	S3	Skill3	10	0	0	NONE	00000F0A0000
gPlayerSequenceDragonClaw_HTH_HT1	0x2384DB0	0x1993AD0	0	0x2384DB0	8	A2	Attack2	0	0	0	NONE	000008000000
gPlayerSequenceDragonClaw_HTH_HT1	0x2384DB0	0x1993AD0	1	0x2384DB6	8	A2	Attack2	1	0	0	NONE	000008010000
gPlayerSequenceDragonClaw_HTH_HT1	0x2384DB0	0x1993AD0	2	0x2384DBC	8	A2	Attack2	2	0	0	NONE	000008020000
gPlayerSequenceDragonClaw_HTH_HT1	0x2384DB0	0x1993AD0	3	0x2384DC2	8	A2	Attack2	3	0	0	NONE	000008030000
gPlayerSequenceDragonClaw_HTH_HT1	0x2384DB0	0x1993AD0	4	0x2384DC8	8	A2	Attack2	4	0	0	NONE	000008040000
gPlayerSequenceDragonClaw_HTH_HT1	0x2384DB0	0x1993AD0	5	0x2384DCE	8	A2	Attack2	5	0	0	NONE	000008050000
gPlayerSequenceDragonClaw_HTH_HT1	0x2384DB0	0x1993AD0	6	0x2384DD4	8	A2	Attack2	6	0	1	MELEE_ATTACK	000008060001
gPlayerSequenceDragonClaw_HTH_HT1	0x2384DB0	0x1993AD0	7	0x2384DDA	8	A2	Attack2	7	0	0	NONE	000008070000
gPlayerSequenceDragonClaw_HTH_HT1	0x2384DB0	0x1993AD0	8	0x2384DE0	8	A2	Attack2	8	0	0	NONE	000008080000
gPlayerSequenceDragonClaw_HTH_HT1	0x2384DB0	0x1993AD0	9	0x2384DE6	8	A2	Attack2	9	0	0	NONE	000008090000
gPlayerSequenceDragonClaw_HTH_HT1	0x2384DB0	0x1993AD0	10	0x2384DEC	8	A2	Attack2	10	0	0	NONE	0000080A0000
gPlayerSequenceDragonClaw_HTH_HT1	0x2384DB0	0x1993AD0	11	0x2384DF2	8	A2	Attack2	11	0	0	NONE	0000080B0000
gPlayerSequenceDragonClaw_HT2	0x2384E00	0x1994050	0	0x2384E00	8	A2	Attack2	0	0	0	NONE	000008000000
gPlayerSequenceDragonClaw_HT2	0x2384E00	0x1994050	1	0x2384E06	8	A2	Attack2	1	0	0	NONE	000008010000
gPlayerSequenceDragonClaw_HT2	0x2384E00	0x1994050	2	0x2384E0C	8	A2	Attack2	2	0	0	NONE	000008020000
gPlayerSequenceDragonClaw_HT2	0x2384E00	0x1994050	3	0x2384E12	8	A2	Attack2	3	0	0	NONE	000008030000
gPlayerSequenceDragonClaw_HT2	0x2384E00	0x1994050	4	0x2384E18	8	A2	Attack2	4	0	0	NONE	000008040000
gPlayerSequenceDragonClaw_HT2	0x2384E00	0x1994050	5	0x2384E1E	8	A2	Attack2	5	0	0	NONE	000008050000
gPlayerSequenceDragonClaw_HT2	0x2384E00	0x1994050	6	0x2384E24	8	A2	Attack2	6	0	1	MELEE_ATTACK	000008060001
gPlayerSequenceDragonClaw_HT2	0x2384E00	0x1994050	7	0x2384E2A	16	S4	Skill4	3	0	0	NONE	000010030000
gPlayerSequenceDragonClaw_HT2	0x2384E00	0x1994050	8	0x2384E30	16	S4	Skill4	4	0	0	NONE	000010040000
gPlayerSequenceDragonClaw_HT2	0x2384E00	0x1994050	9	0x2384E36	16	S4	Skill4	5	0	0	NONE	000010050000
gPlayerSequenceDragonClaw_HT2	0x2384E00	0x1994050	10	0x2384E3C	16	S4	Skill4	6	0	1	MELEE_ATTACK	000010060001
gPlayerSequenceDragonClaw_HT2	0x2384E00	0x1994050	11	0x2384E42	16	S4	Skill4	7	0	0	NONE	000010070000
gPlayerSequenceDragonClaw_HT2	0x2384E00	0x1994050	12	0x2384E48	16	S4	Skill4	8	0	0	NONE	000010080000
gPlayerSequenceDragonClaw_HT2	0x2384E00	0x1994050	13	0x2384E4E	16	S4	Skill4	9	0	0	NONE	000010090000
gPlayerSequenceDragonClaw_HT2	0x2384E00	0x1994050	14	0x2384E54	16	S4	Skill4	10	0	0	NONE	0000100A0000
gPlayerSequenceDragonClaw_HT2	0x2384E00	0x1994050	15	0x2384E5A	16	S4	Skill4	11	0	0	NONE	0000100B0000
gPlayerSequenceProjection	0x2384FB0	0x1993520	0	0x2384FB0	10	SC	Cast	0	0	0	NONE	00000A000000
gPlayerSequenceProjection	0x2384FB0	0x1993520	1	0x2384FB6	10	SC	Cast	1	0	0	NONE	00000A010000
gPlayerSequenceProjection	0x2384FB0	0x1993520	2	0x2384FBC	10	SC	Cast	2	0	0	NONE	00000A020000
gPlayerSequenceProjection	0x2384FB0	0x1993520	3	0x2384FC2	10	SC	Cast	3	0	0	NONE	00000A030000
gPlayerSequenceProjection	0x2384FB0	0x1993520	4	0x2384FC8	10	SC	Cast	4	0	0	NONE	00000A040000
gPlayerSequenceProjection	0x2384FB0	0x1993520	5	0x2384FCE	10	SC	Cast	5	0	0	NONE	00000A050000
gPlayerSequenceProjection	0x2384FB0	0x1993520	6	0x2384FD4	10	SC	Cast	6	0	0	NONE	00000A060000
gPlayerSequenceProjection	0x2384FB0	0x1993520	7	0x2384FDA	10	SC	Cast	7	0	1	MELEE_ATTACK	00000A070001
gPlayerSequenceProjection	0x2384FB0	0x1993520	8	0x2384FE0	10	SC	Cast	8	0	0	NONE	00000A080000
gPlayerSequenceProjection	0x2384FB0	0x1993520	9	0x2384FE6	10	SC	Cast	9	0	0	NONE	00000A090000
gPlayerSequenceProjection	0x2384FB0	0x1993520	10	0x2384FEC	10	SC	Cast	10	0	0	NONE	00000A0A0000
gPlayerSequenceProjection	0x2384FB0	0x1993520	11	0x2384FF2	10	SC	Cast	11	0	1	MELEE_ATTACK	00000A0B0001
gPlayerSequenceProjection	0x2384FB0	0x1993520	12	0x2384FF8	10	SC	Cast	13	0	0	NONE	00000A0D0000
gPlayerSequenceProjection	0x2384FB0	0x1993520	13	0x2384FFE	10	SC	Cast	14	0	0	NONE	00000A0E0000
gPlayerSequenceProjection	0x2384FB0	0x1993520	14	0x2385004	10	SC	Cast	15	0	0	NONE	00000A0F0000
gPlayerSequenceProjection	0x2384FB0	0x1993520	15	0x238500A	10	SC	Cast	16	0	0	NONE	00000A100000
gPlayerSequenceProjection	0x2384FB0	0x1993520	16	0x2385010	10	SC	Cast	17	0	0	NONE	00000A110000
gPlayerSequenceProjection	0x2384FB0	0x1993520	17	0x2385016	10	SC	Cast	18	0	1	MELEE_ATTACK	00000A120001
gPlayerSequenceProjection	0x2384FB0	0x1993520	18	0x238501C	0	DT	Death	0	0	0	NONE	000000000000
gPlayerSequenceDragonTalon	0x2385180	0x1993D70	0	0x2385180	12	KK	Kick	0	0	0	NONE	00000C000000
gPlayerSequenceDragonTalon	0x2385180	0x1993D70	1	0x2385186	12	KK	Kick	1	0	0	NONE	00000C010000
gPlayerSequenceDragonTalon	0x2385180	0x1993D70	2	0x238518C	12	KK	Kick	2	0	0	NONE	00000C020000
gPlayerSequenceDragonTalon	0x2385180	0x1993D70	3	0x2385192	12	KK	Kick	3	0	0	NONE	00000C030000
gPlayerSequenceDragonTalon	0x2385180	0x1993D70	4	0x2385198	12	KK	Kick	4	0	1	MELEE_ATTACK	00000C040001
gPlayerSequenceDragonTalon	0x2385180	0x1993D70	5	0x238519E	12	KK	Kick	5	0	0	NONE	00000C050000
gPlayerSequenceDragonTalon	0x2385180	0x1993D70	6	0x23851A4	12	KK	Kick	2	0	0	NONE	00000C020000
gPlayerSequenceDragonTalon	0x2385180	0x1993D70	7	0x23851AA	12	KK	Kick	3	0	0	NONE	00000C030000
gPlayerSequenceDragonTalon	0x2385180	0x1993D70	8	0x23851B0	12	KK	Kick	4	0	1	MELEE_ATTACK	00000C040001
gPlayerSequenceDragonTalon	0x2385180	0x1993D70	9	0x23851B6	12	KK	Kick	5	0	0	NONE	00000C050000
gPlayerSequenceDragonTalon	0x2385180	0x1993D70	10	0x23851BC	12	KK	Kick	2	0	0	NONE	00000C020000
gPlayerSequenceDragonTalon	0x2385180	0x1993D70	11	0x23851C2	12	KK	Kick	3	0	0	NONE	00000C030000
gPlayerSequenceDragonTalon	0x2385180	0x1993D70	12	0x23851C8	12	KK	Kick	4	0	0	NONE	00000C040000
gPlayerSequenceDragonTalon	0x2385180	0x1993D70	13	0x23851CE	12	KK	Kick	5	0	1	MELEE_ATTACK	00000C050001
gPlayerSequenceDragonTalon	0x2385180	0x1993D70	14	0x23851D4	12	KK	Kick	6	0	0	NONE	00000C060000
gPlayerSequenceDragonTalon	0x2385180	0x1993D70	15	0x23851DA	12	KK	Kick	7	0	0	NONE	00000C070000
gPlayerSequenceDragonTalon	0x2385180	0x1993D70	16	0x23851E0	12	KK	Kick	8	0	0	NONE	00000C080000
gPlayerSequenceDragonTalon	0x2385180	0x1993D70	17	0x23851E6	12	KK	Kick	9	0	0	NONE	00000C090000
gPlayerSequenceDragonTalon	0x2385180	0x1993D70	18	0x23851EC	12	KK	Kick	10	0	0	NONE	00000C0A0000
gPlayerSequenceDragonTalon	0x2385180	0x1993D70	19	0x23851F2	12	KK	Kick	11	0	0	NONE	00000C0B0000
gPlayerSequenceArcticBlast	0x2385350	0x19941F0	0	0x2385350	13	S1	Skill1	0	0	0	NONE	00000D000000
gPlayerSequenceArcticBlast	0x2385350	0x19941F0	1	0x2385356	13	S1	Skill1	1	0	0	NONE	00000D010000
gPlayerSequenceArcticBlast	0x2385350	0x19941F0	2	0x238535C	13	S1	Skill1	2	0	0	NONE	00000D020000
gPlayerSequenceArcticBlast	0x2385350	0x19941F0	3	0x2385362	13	S1	Skill1	3	0	0	NONE	00000D030000
gPlayerSequenceArcticBlast	0x2385350	0x19941F0	4	0x2385368	13	S1	Skill1	4	0	0	NONE	00000D040000
gPlayerSequenceArcticBlast	0x2385350	0x19941F0	5	0x238536E	13	S1	Skill1	5	0	0	NONE	00000D050000
gPlayerSequenceArcticBlast	0x2385350	0x19941F0	6	0x2385374	13	S1	Skill1	6	0	0	NONE	00000D060000
gPlayerSequenceArcticBlast	0x2385350	0x19941F0	7	0x238537A	13	S1	Skill1	7	0	0	NONE	00000D070000
gPlayerSequenceArcticBlast	0x2385350	0x19941F0	8	0x2385380	13	S1	Skill1	8	0	0	NONE	00000D080000
gPlayerSequenceArcticBlast	0x2385350	0x19941F0	9	0x2385386	13	S1	Skill1	9	0	0	NONE	00000D090000
gPlayerSequenceArcticBlast	0x2385350	0x19941F0	10	0x238538C	13	S1	Skill1	9	0	1	MELEE_ATTACK	00000D090001
gPlayerSequenceArcticBlast	0x2385350	0x19941F0	11	0x2385392	13	S1	Skill1	10	0	0	NONE	00000D0A0000
gPlayerSequenceArcticBlast	0x2385350	0x19941F0	12	0x2385398	13	S1	Skill1	11	0	0	NONE	00000D0B0000
gPlayerSequenceArcticBlast	0x2385350	0x19941F0	13	0x238539E	13	S1	Skill1	12	0	0	NONE	00000D0C0000
gPlayerSequenceArcticBlast	0x2385350	0x19941F0	14	0x23853A4	13	S1	Skill1	13	0	0	NONE	00000D0D0000
gPlayerSequenceDragonBreath	0x2385500	0x1990CF0	0	0x2385500	13	S1	Skill1	0	0	0	NONE	00000D000000
gPlayerSequenceDragonBreath	0x2385500	0x1990CF0	1	0x2385506	13	S1	Skill1	1	0	0	NONE	00000D010000
gPlayerSequenceDragonBreath	0x2385500	0x1990CF0	2	0x238550C	13	S1	Skill1	2	0	0	NONE	00000D020000
gPlayerSequenceDragonBreath	0x2385500	0x1990CF0	3	0x2385512	13	S1	Skill1	3	0	0	NONE	00000D030000
gPlayerSequenceDragonBreath	0x2385500	0x1990CF0	4	0x2385518	13	S1	Skill1	4	0	0	NONE	00000D040000
gPlayerSequenceDragonBreath	0x2385500	0x1990CF0	5	0x238551E	13	S1	Skill1	5	0	0	NONE	00000D050000
gPlayerSequenceDragonBreath	0x2385500	0x1990CF0	6	0x2385524	13	S1	Skill1	6	0	0	NONE	00000D060000
gPlayerSequenceDragonBreath	0x2385500	0x1990CF0	7	0x238552A	13	S1	Skill1	7	0	0	NONE	00000D070000
gPlayerSequenceDragonBreath	0x2385500	0x1990CF0	8	0x2385530	13	S1	Skill1	8	0	1	MELEE_ATTACK	00000D080001
gPlayerSequenceDragonBreath	0x2385500	0x1990CF0	9	0x2385536	13	S1	Skill1	9	0	0	NONE	00000D090000
gPlayerSequenceDragonBreath	0x2385500	0x1990CF0	10	0x238553C	13	S1	Skill1	10	0	1	MELEE_ATTACK	00000D0A0001
gPlayerSequenceDragonBreath	0x2385500	0x1990CF0	11	0x2385542	13	S1	Skill1	11	0	0	NONE	00000D0B0000
gPlayerSequenceDragonBreath	0x2385500	0x1990CF0	12	0x2385548	13	S1	Skill1	12	0	1	MELEE_ATTACK	00000D0C0001
gPlayerSequenceDragonBreath	0x2385500	0x1990CF0	13	0x238554E	13	S1	Skill1	12	0	0	NONE	00000D0C0000
gPlayerSequenceDragonBreath	0x2385500	0x1990CF0	14	0x2385554	13	S1	Skill1	13	0	1	MELEE_ATTACK	00000D0D0001
gPlayerSequenceDragonBreath	0x2385500	0x1990CF0	15	0x238555A	13	S1	Skill1	13	0	0	NONE	00000D0D0000
gPlayerSequenceDragonBreath	0x2385500	0x1990CF0	16	0x2385560	13	S1	Skill1	14	0	0	NONE	00000D0E0000
gPlayerSequenceDragonFlight	0x23856C0	0x19940B0	0	0x23856C0	10	SC	Cast	0	0	0	NONE	00000A000000
gPlayerSequenceDragonFlight	0x23856C0	0x19940B0	1	0x23856C6	10	SC	Cast	1	0	0	NONE	00000A010000
gPlayerSequenceDragonFlight	0x23856C0	0x19940B0	2	0x23856CC	10	SC	Cast	2	0	0	NONE	00000A020000
gPlayerSequenceDragonFlight	0x23856C0	0x19940B0	3	0x23856D2	10	SC	Cast	3	0	0	NONE	00000A030000
gPlayerSequenceDragonFlight	0x23856C0	0x19940B0	4	0x23856D8	10	SC	Cast	4	0	0	NONE	00000A040000
gPlayerSequenceDragonFlight	0x23856C0	0x19940B0	5	0x23856DE	10	SC	Cast	5	0	0	NONE	00000A050000
gPlayerSequenceDragonFlight	0x23856C0	0x19940B0	6	0x23856E4	10	SC	Cast	6	0	0	NONE	00000A060000
gPlayerSequenceDragonFlight	0x23856C0	0x19940B0	7	0x23856EA	10	SC	Cast	7	0	0	NONE	00000A070000
gPlayerSequenceDragonFlight	0x23856C0	0x19940B0	8	0x23856F0	10	SC	Cast	8	0	0	NONE	00000A080000
gPlayerSequenceDragonFlight	0x23856C0	0x19940B0	9	0x23856F6	10	SC	Cast	9	0	1	MELEE_ATTACK	00000A090001
gPlayerSequenceDragonFlight	0x23856C0	0x19940B0	10	0x23856FC	12	KK	Kick	0	0	0	NONE	00000C000000
gPlayerSequenceDragonFlight	0x23856C0	0x19940B0	11	0x2385702	12	KK	Kick	1	0	0	NONE	00000C010000
gPlayerSequenceDragonFlight	0x23856C0	0x19940B0	12	0x2385708	12	KK	Kick	2	0	0	NONE	00000C020000
gPlayerSequenceDragonFlight	0x23856C0	0x19940B0	13	0x238570E	12	KK	Kick	3	0	0	NONE	00000C030000
gPlayerSequenceDragonFlight	0x23856C0	0x19940B0	14	0x2385714	12	KK	Kick	4	0	1	MELEE_ATTACK	00000C040001
gPlayerSequenceDragonFlight	0x23856C0	0x19940B0	15	0x238571A	12	KK	Kick	5	0	0	NONE	00000C050000
gPlayerSequenceDragonFlight	0x23856C0	0x19940B0	16	0x2385720	12	KK	Kick	6	0	0	NONE	00000C060000
gPlayerSequenceDragonFlight	0x23856C0	0x19940B0	17	0x2385726	12	KK	Kick	7	0	0	NONE	00000C070000
gPlayerSequenceDragonFlight	0x23856C0	0x19940B0	18	0x238572C	12	KK	Kick	8	0	0	NONE	00000C080000
gPlayerSequenceDragonFlight	0x23856C0	0x19940B0	19	0x2385732	12	KK	Kick	9	0	0	NONE	00000C090000
gPlayerSequenceDragonFlight	0x23856C0	0x19940B0	20	0x2385738	12	KK	Kick	10	0	0	NONE	00000C0A0000
gPlayerSequenceDragonFlight	0x23856C0	0x19940B0	21	0x238573E	12	KK	Kick	11	0	0	NONE	00000C0B0000
gPlayerSequenceDragonFlight	0x23856C0	0x19940B0	22	0x2385744	12	KK	Kick	12	0	0	NONE	00000C0C0000
gPlayerSequenceUnmorph	0x23858A0	0x1992CD0	0	0x23858A0	13	S1	Skill1	15	0	0	NONE	00000D0F0000
gPlayerSequenceUnmorph	0x23858A0	0x1992CD0	1	0x23858A6	13	S1	Skill1	14	0	0	NONE	00000D0E0000
gPlayerSequenceUnmorph	0x23858A0	0x1992CD0	2	0x23858AC	13	S1	Skill1	13	0	0	NONE	00000D0D0000
gPlayerSequenceUnmorph	0x23858A0	0x1992CD0	3	0x23858B2	13	S1	Skill1	12	0	0	NONE	00000D0C0000
gPlayerSequenceUnmorph	0x23858A0	0x1992CD0	4	0x23858B8	13	S1	Skill1	11	0	0	NONE	00000D0B0000
gPlayerSequenceUnmorph	0x23858A0	0x1992CD0	5	0x23858BE	13	S1	Skill1	10	0	0	NONE	00000D0A0000
gPlayerSequenceUnmorph	0x23858A0	0x1992CD0	6	0x23858C4	13	S1	Skill1	9	0	0	NONE	00000D090000
gPlayerSequenceUnmorph	0x23858A0	0x1992CD0	7	0x23858CA	13	S1	Skill1	8	0	0	NONE	00000D080000
gPlayerSequenceUnmorph	0x23858A0	0x1992CD0	8	0x23858D0	13	S1	Skill1	7	0	0	NONE	00000D070000
gPlayerSequenceUnmorph	0x23858A0	0x1992CD0	9	0x23858D6	13	S1	Skill1	6	0	0	NONE	00000D060000
gPlayerSequenceUnmorph	0x23858A0	0x1992CD0	10	0x23858DC	13	S1	Skill1	5	0	0	NONE	00000D050000
gPlayerSequenceUnmorph	0x23858A0	0x1992CD0	11	0x23858E2	13	S1	Skill1	4	0	0	NONE	00000D040000
gPlayerSequenceUnmorph	0x23858A0	0x1992CD0	12	0x23858E8	13	S1	Skill1	3	0	0	NONE	00000D030000
gPlayerSequenceUnmorph	0x23858A0	0x1992CD0	13	0x23858EE	13	S1	Skill1	2	0	1	MELEE_ATTACK	00000D020001
gPlayerSequenceUnmorph	0x23858A0	0x1992CD0	14	0x23858F4	13	S1	Skill1	1	0	0	NONE	00000D010000
gPlayerSequenceUnmorph	0x23858A0	0x1992CD0	15	0x23858FA	13	S1	Skill1	0	0	0	NONE	00000D000000
gPlayerSequenceBladeFury	0x2385A50	0x19925B0	0	0x2385A50	10	SC	Cast	0	0	0	NONE	00000A000000
gPlayerSequenceBladeFury	0x2385A50	0x19925B0	1	0x2385A56	10	SC	Cast	1	0	0	NONE	00000A010000
gPlayerSequenceBladeFury	0x2385A50	0x19925B0	2	0x2385A5C	10	SC	Cast	2	0	0	NONE	00000A020000
gPlayerSequenceBladeFury	0x2385A50	0x19925B0	3	0x2385A62	10	SC	Cast	3	0	0	NONE	00000A030000
gPlayerSequenceBladeFury	0x2385A50	0x19925B0	4	0x2385A68	10	SC	Cast	4	0	0	NONE	00000A040000
gPlayerSequenceBladeFury	0x2385A50	0x19925B0	5	0x2385A6E	10	SC	Cast	5	0	0	NONE	00000A050000
gPlayerSequenceBladeFury	0x2385A50	0x19925B0	6	0x2385A74	10	SC	Cast	6	0	0	NONE	00000A060000
gPlayerSequenceBladeFury	0x2385A50	0x19925B0	7	0x2385A7A	10	SC	Cast	7	0	0	NONE	00000A070000
gPlayerSequenceBladeFury	0x2385A50	0x19925B0	8	0x2385A80	10	SC	Cast	8	0	0	NONE	00000A080000
gPlayerSequenceBladeFury	0x2385A50	0x19925B0	9	0x2385A86	10	SC	Cast	9	0	0	NONE	00000A090000
gPlayerSequenceBladeFury	0x2385A50	0x19925B0	10	0x2385A8C	10	SC	Cast	9	0	0	NONE	00000A090000
gPlayerSequenceBladeFury	0x2385A50	0x19925B0	11	0x2385A92	10	SC	Cast	9	0	0	NONE	00000A090000
gPlayerSequenceBladeFury	0x2385A50	0x19925B0	12	0x2385A98	10	SC	Cast	10	0	1	MELEE_ATTACK	00000A0A0001
gPlayerSequenceBladeFury	0x2385A50	0x19925B0	13	0x2385A9E	10	SC	Cast	11	0	0	NONE	00000A0B0000
gPlayerSequenceBladeFury	0x2385A50	0x19925B0	14	0x2385AA4	10	SC	Cast	12	0	0	NONE	00000A0C0000
gPlayerSequenceBladeFury	0x2385A50	0x19925B0	15	0x2385AAA	10	SC	Cast	13	0	0	NONE	00000A0D0000
gPlayerSequenceBladeFury	0x2385A50	0x19925B0	16	0x2385AB0	10	SC	Cast	14	0	0	NONE	00000A0E0000
gPlayerSequenceBladeFury	0x2385A50	0x19925B0	17	0x2385AB6	10	SC	Cast	15	0	0	NONE	00000A0F0000
gPlayerSequenceBladeFury	0x2385A50	0x19925B0	18	0x2385ABC	10	SC	Cast	16	0	0	NONE	00000A100000
D2R_PlayerSequenceCleave_HTH	0x2385C20	0x19912D0	0	0x2385C20	10	SC	Cast	0	0	0	NONE	00000A000000
D2R_PlayerSequenceCleave_HTH	0x2385C20	0x19912D0	1	0x2385C26	10	SC	Cast	1	0	0	NONE	00000A010000
D2R_PlayerSequenceCleave_HTH	0x2385C20	0x19912D0	2	0x2385C2C	10	SC	Cast	2	0	0	NONE	00000A020000
D2R_PlayerSequenceCleave_HTH	0x2385C20	0x19912D0	3	0x2385C32	10	SC	Cast	3	0	0	NONE	00000A030000
D2R_PlayerSequenceCleave_HTH	0x2385C20	0x19912D0	4	0x2385C38	10	SC	Cast	4	0	0	NONE	00000A040000
D2R_PlayerSequenceCleave_HTH	0x2385C20	0x19912D0	5	0x2385C3E	10	SC	Cast	5	0	0	NONE	00000A050000
D2R_PlayerSequenceCleave_HTH	0x2385C20	0x19912D0	6	0x2385C44	10	SC	Cast	6	0	0	NONE	00000A060000
D2R_PlayerSequenceCleave_HTH	0x2385C20	0x19912D0	7	0x2385C4A	10	SC	Cast	7	0	0	NONE	00000A070000
D2R_PlayerSequenceCleave_HTH	0x2385C20	0x19912D0	8	0x2385C50	10	SC	Cast	8	0	0	NONE	00000A080000
D2R_PlayerSequenceCleave_HTH	0x2385C20	0x19912D0	9	0x2385C56	10	SC	Cast	9	0	0	NONE	00000A090000
D2R_PlayerSequenceCleave_HTH	0x2385C20	0x19912D0	10	0x2385C5C	10	SC	Cast	9	0	0	NONE	00000A090000
D2R_PlayerSequenceCleave_HTH	0x2385C20	0x19912D0	11	0x2385C62	10	SC	Cast	9	0	0	NONE	00000A090000
D2R_PlayerSequenceCleave_HTH	0x2385C20	0x19912D0	12	0x2385C68	10	SC	Cast	10	0	1	MELEE_ATTACK	00000A0A0001
D2R_PlayerSequenceCleave_HTH	0x2385C20	0x19912D0	13	0x2385C6E	10	SC	Cast	11	0	0	NONE	00000A0B0000
D2R_PlayerSequenceCleave_HTH	0x2385C20	0x19912D0	14	0x2385C74	10	SC	Cast	12	0	0	NONE	00000A0C0000
D2R_PlayerSequenceCleave_HTH	0x2385C20	0x19912D0	15	0x2385C7A	10	SC	Cast	13	0	0	NONE	00000A0D0000
D2R_PlayerSequenceCleave_HTH	0x2385C20	0x19912D0	16	0x2385C80	10	SC	Cast	14	0	0	NONE	00000A0E0000
D2R_PlayerSequenceCleave_HTH	0x2385C20	0x19912D0	17	0x2385C86	10	SC	Cast	15	0	0	NONE	00000A0F0000
D2R_PlayerSequenceCleave_HTH	0x2385C20	0x19912D0	18	0x2385C8C	10	SC	Cast	16	0	0	NONE	00000A100000
D2R_PlayerSequenceCleave_1HS	0x2385CA0	0x19924A0	0	0x2385CA0	10	SC	Cast	0	0	0	NONE	00000A000000
D2R_PlayerSequenceCleave_1HS	0x2385CA0	0x19924A0	1	0x2385CA6	10	SC	Cast	1	0	0	NONE	00000A010000
D2R_PlayerSequenceCleave_1HS	0x2385CA0	0x19924A0	2	0x2385CAC	10	SC	Cast	2	0	0	NONE	00000A020000
D2R_PlayerSequenceCleave_1HS	0x2385CA0	0x19924A0	3	0x2385CB2	10	SC	Cast	3	0	0	NONE	00000A030000
D2R_PlayerSequenceCleave_1HS	0x2385CA0	0x19924A0	4	0x2385CB8	10	SC	Cast	4	0	0	NONE	00000A040000
D2R_PlayerSequenceCleave_1HS	0x2385CA0	0x19924A0	5	0x2385CBE	10	SC	Cast	5	0	0	NONE	00000A050000
D2R_PlayerSequenceCleave_1HS	0x2385CA0	0x19924A0	6	0x2385CC4	10	SC	Cast	6	0	0	NONE	00000A060000
D2R_PlayerSequenceCleave_1HS	0x2385CA0	0x19924A0	7	0x2385CCA	10	SC	Cast	7	0	0	NONE	00000A070000
D2R_PlayerSequenceCleave_1HS	0x2385CA0	0x19924A0	8	0x2385CD0	10	SC	Cast	8	0	0	NONE	00000A080000
D2R_PlayerSequenceCleave_1HS	0x2385CA0	0x19924A0	9	0x2385CD6	10	SC	Cast	9	0	1	MELEE_ATTACK	00000A090001
D2R_PlayerSequenceCleave_1HS	0x2385CA0	0x19924A0	10	0x2385CDC	10	SC	Cast	10	0	0	NONE	00000A0A0000
D2R_PlayerSequenceCleave_1HS	0x2385CA0	0x19924A0	11	0x2385CE2	10	SC	Cast	11	0	0	NONE	00000A0B0000
D2R_PlayerSequenceCleave_1HS	0x2385CA0	0x19924A0	12	0x2385CE8	10	SC	Cast	12	0	0	NONE	00000A0C0000
D2R_PlayerSequenceCleave_1HS	0x2385CA0	0x19924A0	13	0x2385CEE	10	SC	Cast	13	0	0	NONE	00000A0D0000
D2R_PlayerSequenceCleave_1HS	0x2385CA0	0x19924A0	14	0x2385CF4	10	SC	Cast	14	0	0	NONE	00000A0E0000
D2R_PlayerSequenceCleave_1HS	0x2385CA0	0x19924A0	15	0x2385CFA	10	SC	Cast	15	0	0	NONE	00000A0F0000
D2R_PlayerSequenceCleave_1HT	0x2385D00	0x1990E80	0	0x2385D00	10	SC	Cast	0	0	0	NONE	00000A000000
D2R_PlayerSequenceCleave_1HT	0x2385D00	0x1990E80	1	0x2385D06	10	SC	Cast	1	0	0	NONE	00000A010000
D2R_PlayerSequenceCleave_1HT	0x2385D00	0x1990E80	2	0x2385D0C	10	SC	Cast	2	0	0	NONE	00000A020000
D2R_PlayerSequenceCleave_1HT	0x2385D00	0x1990E80	3	0x2385D12	10	SC	Cast	3	0	0	NONE	00000A030000
D2R_PlayerSequenceCleave_1HT	0x2385D00	0x1990E80	4	0x2385D18	10	SC	Cast	4	0	0	NONE	00000A040000
D2R_PlayerSequenceCleave_1HT	0x2385D00	0x1990E80	5	0x2385D1E	10	SC	Cast	5	0	0	NONE	00000A050000
D2R_PlayerSequenceCleave_1HT	0x2385D00	0x1990E80	6	0x2385D24	10	SC	Cast	6	0	0	NONE	00000A060000
D2R_PlayerSequenceCleave_1HT	0x2385D00	0x1990E80	7	0x2385D2A	10	SC	Cast	7	0	0	NONE	00000A070000
D2R_PlayerSequenceCleave_1HT	0x2385D00	0x1990E80	8	0x2385D30	10	SC	Cast	8	0	0	NONE	00000A080000
D2R_PlayerSequenceCleave_1HT	0x2385D00	0x1990E80	9	0x2385D36	10	SC	Cast	9	0	1	MELEE_ATTACK	00000A090001
D2R_PlayerSequenceCleave_1HT	0x2385D00	0x1990E80	10	0x2385D3C	10	SC	Cast	10	0	0	NONE	00000A0A0000
D2R_PlayerSequenceCleave_1HT	0x2385D00	0x1990E80	11	0x2385D42	10	SC	Cast	11	0	0	NONE	00000A0B0000
D2R_PlayerSequenceCleave_1HT	0x2385D00	0x1990E80	12	0x2385D48	10	SC	Cast	12	0	0	NONE	00000A0C0000
D2R_PlayerSequenceCleave_1HT	0x2385D00	0x1990E80	13	0x2385D4E	10	SC	Cast	13	0	0	NONE	00000A0D0000
D2R_PlayerSequenceCleave_1HT	0x2385D00	0x1990E80	14	0x2385D54	10	SC	Cast	14	0	0	NONE	00000A0E0000
D2R_PlayerSequenceCleave_1HT	0x2385D00	0x1990E80	15	0x2385D5A	10	SC	Cast	15	0	0	NONE	00000A0F0000
D2R_PlayerSequenceCleave_2HS	0x2385D60	0x1992C60	0	0x2385D60	10	SC	Cast	0	0	0	NONE	00000A000000
D2R_PlayerSequenceCleave_2HS	0x2385D60	0x1992C60	1	0x2385D66	10	SC	Cast	1	0	0	NONE	00000A010000
D2R_PlayerSequenceCleave_2HS	0x2385D60	0x1992C60	2	0x2385D6C	10	SC	Cast	2	0	0	NONE	00000A020000
D2R_PlayerSequenceCleave_2HS	0x2385D60	0x1992C60	3	0x2385D72	10	SC	Cast	3	0	0	NONE	00000A030000
D2R_PlayerSequenceCleave_2HS	0x2385D60	0x1992C60	4	0x2385D78	10	SC	Cast	4	0	0	NONE	00000A040000
D2R_PlayerSequenceCleave_2HS	0x2385D60	0x1992C60	5	0x2385D7E	10	SC	Cast	5	0	0	NONE	00000A050000
D2R_PlayerSequenceCleave_2HS	0x2385D60	0x1992C60	6	0x2385D84	10	SC	Cast	6	0	0	NONE	00000A060000
D2R_PlayerSequenceCleave_2HS	0x2385D60	0x1992C60	7	0x2385D8A	10	SC	Cast	7	0	0	NONE	00000A070000
D2R_PlayerSequenceCleave_2HS	0x2385D60	0x1992C60	8	0x2385D90	10	SC	Cast	8	0	0	NONE	00000A080000
D2R_PlayerSequenceCleave_2HS	0x2385D60	0x1992C60	9	0x2385D96	10	SC	Cast	9	0	0	NONE	00000A090000
D2R_PlayerSequenceCleave_2HS	0x2385D60	0x1992C60	10	0x2385D9C	10	SC	Cast	10	0	1	MELEE_ATTACK	00000A0A0001
D2R_PlayerSequenceCleave_2HS	0x2385D60	0x1992C60	11	0x2385DA2	10	SC	Cast	11	0	0	NONE	00000A0B0000
D2R_PlayerSequenceCleave_2HS	0x2385D60	0x1992C60	12	0x2385DA8	10	SC	Cast	12	0	0	NONE	00000A0C0000
D2R_PlayerSequenceCleave_2HS	0x2385D60	0x1992C60	13	0x2385DAE	10	SC	Cast	13	0	0	NONE	00000A0D0000
D2R_PlayerSequenceCleave_2HS	0x2385D60	0x1992C60	14	0x2385DB4	10	SC	Cast	14	0	0	NONE	00000A0E0000
D2R_PlayerSequenceCleave_2HS	0x2385D60	0x1992C60	15	0x2385DBA	10	SC	Cast	15	0	0	NONE	00000A0F0000
D2R_PlayerSequenceCleave_2HS	0x2385D60	0x1992C60	16	0x2385DC0	10	SC	Cast	16	0	0	NONE	00000A100000
D2R_PlayerSequenceCleave_2HS	0x2385D60	0x1992C60	17	0x2385DC6	10	SC	Cast	17	0	0	NONE	00000A110000
D2R_PlayerSequenceCleave_2HT	0x2385DD0	0x1993E20	0	0x2385DD0	10	SC	Cast	0	0	0	NONE	00000A000000
D2R_PlayerSequenceCleave_2HT	0x2385DD0	0x1993E20	1	0x2385DD6	10	SC	Cast	1	0	0	NONE	00000A010000
D2R_PlayerSequenceCleave_2HT	0x2385DD0	0x1993E20	2	0x2385DDC	10	SC	Cast	2	0	0	NONE	00000A020000
D2R_PlayerSequenceCleave_2HT	0x2385DD0	0x1993E20	3	0x2385DE2	10	SC	Cast	3	0	0	NONE	00000A030000
D2R_PlayerSequenceCleave_2HT	0x2385DD0	0x1993E20	4	0x2385DE8	10	SC	Cast	4	0	0	NONE	00000A040000
D2R_PlayerSequenceCleave_2HT	0x2385DD0	0x1993E20	5	0x2385DEE	10	SC	Cast	5	0	0	NONE	00000A050000
D2R_PlayerSequenceCleave_2HT	0x2385DD0	0x1993E20	6	0x2385DF4	10	SC	Cast	6	0	0	NONE	00000A060000
D2R_PlayerSequenceCleave_2HT	0x2385DD0	0x1993E20	7	0x2385DFA	10	SC	Cast	7	0	0	NONE	00000A070000
D2R_PlayerSequenceCleave_2HT	0x2385DD0	0x1993E20	8	0x2385E00	10	SC	Cast	8	0	0	NONE	00000A080000
D2R_PlayerSequenceCleave_2HT	0x2385DD0	0x1993E20	9	0x2385E06	10	SC	Cast	9	0	0	NONE	00000A090000
D2R_PlayerSequenceCleave_2HT	0x2385DD0	0x1993E20	10	0x2385E0C	10	SC	Cast	10	0	1	MELEE_ATTACK	00000A0A0001
D2R_PlayerSequenceCleave_2HT	0x2385DD0	0x1993E20	11	0x2385E12	10	SC	Cast	11	0	0	NONE	00000A0B0000
D2R_PlayerSequenceCleave_2HT	0x2385DD0	0x1993E20	12	0x2385E18	10	SC	Cast	12	0	0	NONE	00000A0C0000
D2R_PlayerSequenceCleave_2HT	0x2385DD0	0x1993E20	13	0x2385E1E	10	SC	Cast	13	0	0	NONE	00000A0D0000
D2R_PlayerSequenceCleave_2HT	0x2385DD0	0x1993E20	14	0x2385E24	10	SC	Cast	14	0	0	NONE	00000A0E0000
D2R_PlayerSequenceCleave_2HT	0x2385DD0	0x1993E20	15	0x2385E2A	10	SC	Cast	15	0	0	NONE	00000A0F0000
D2R_PlayerSequenceCleave_2HT	0x2385DD0	0x1993E20	16	0x2385E30	10	SC	Cast	16	0	0	NONE	00000A100000
D2R_PlayerSequenceCleave_2HT	0x2385DD0	0x1993E20	17	0x2385E36	10	SC	Cast	17	0	0	NONE	00000A110000
D2R_PlayerSequenceCleave_2HT	0x2385DD0	0x1993E20	18	0x2385E3C	10	SC	Cast	18	0	0	NONE	00000A120000
D2R_PlayerSequenceCleave_2HT	0x2385DD0	0x1993E20	19	0x2385E42	10	SC	Cast	19	0	0	NONE	00000A130000
D2R_PlayerSequenceCleave_STF	0x2385E50	0x1990970	0	0x2385E50	10	SC	Cast	0	0	0	NONE	00000A000000
D2R_PlayerSequenceCleave_STF	0x2385E50	0x1990970	1	0x2385E56	10	SC	Cast	1	0	0	NONE	00000A010000
D2R_PlayerSequenceCleave_STF	0x2385E50	0x1990970	2	0x2385E5C	10	SC	Cast	2	0	0	NONE	00000A020000
D2R_PlayerSequenceCleave_STF	0x2385E50	0x1990970	3	0x2385E62	10	SC	Cast	3	0	0	NONE	00000A030000
D2R_PlayerSequenceCleave_STF	0x2385E50	0x1990970	4	0x2385E68	10	SC	Cast	4	0	0	NONE	00000A040000
D2R_PlayerSequenceCleave_STF	0x2385E50	0x1990970	5	0x2385E6E	10	SC	Cast	5	0	0	NONE	00000A050000
D2R_PlayerSequenceCleave_STF	0x2385E50	0x1990970	6	0x2385E74	10	SC	Cast	6	0	0	NONE	00000A060000
D2R_PlayerSequenceCleave_STF	0x2385E50	0x1990970	7	0x2385E7A	10	SC	Cast	7	0	0	NONE	00000A070000
D2R_PlayerSequenceCleave_STF	0x2385E50	0x1990970	8	0x2385E80	10	SC	Cast	8	0	0	NONE	00000A080000
D2R_PlayerSequenceCleave_STF	0x2385E50	0x1990970	9	0x2385E86	10	SC	Cast	9	0	0	NONE	00000A090000
D2R_PlayerSequenceCleave_STF	0x2385E50	0x1990970	10	0x2385E8C	10	SC	Cast	10	0	1	MELEE_ATTACK	00000A0A0001
D2R_PlayerSequenceCleave_STF	0x2385E50	0x1990970	11	0x2385E92	10	SC	Cast	11	0	0	NONE	00000A0B0000
D2R_PlayerSequenceCleave_STF	0x2385E50	0x1990970	12	0x2385E98	10	SC	Cast	12	0	0	NONE	00000A0C0000
D2R_PlayerSequenceCleave_STF	0x2385E50	0x1990970	13	0x2385E9E	10	SC	Cast	13	0	0	NONE	00000A0D0000
D2R_PlayerSequenceCleave_STF	0x2385E50	0x1990970	14	0x2385EA4	10	SC	Cast	14	0	0	NONE	00000A0E0000
D2R_PlayerSequenceCleave_STF	0x2385E50	0x1990970	15	0x2385EAA	10	SC	Cast	15	0	0	NONE	00000A0F0000
D2R_PlayerSequenceCleave_STF	0x2385E50	0x1990970	16	0x2385EB0	10	SC	Cast	16	0	0	NONE	00000A100000
D2R_PlayerSequenceCleave_STF	0x2385E50	0x1990970	17	0x2385EB6	10	SC	Cast	17	0	0	NONE	00000A110000
D2R_PlayerSequenceCleave_STF	0x2385E50	0x1990970	18	0x2385EBC	10	SC	Cast	18	0	0	NONE	00000A120000
D2R_PlayerSequenceCleave_STF	0x2385E50	0x1990970	19	0x2385EC2	10	SC	Cast	19	0	0	NONE	00000A130000
D2R_PlayerSequenceCleave_STF	0x2385E50	0x1990970	20	0x2385EC8	10	SC	Cast	20	0	0	NONE	00000A140000
D2R_PlayerSequenceCleave_STF	0x2385E50	0x1990970	21	0x2385ECE	10	SC	Cast	21	0	0	NONE	00000A150000
D2R_PlayerSequenceMirroredBlades_HTH	0x2386030	0x1994140	0	0x2386030	10	SC	Cast	0	0	0	NONE	00000A000000
D2R_PlayerSequenceMirroredBlades_HTH	0x2386030	0x1994140	1	0x2386036	10	SC	Cast	1	0	0	NONE	00000A010000
D2R_PlayerSequenceMirroredBlades_HTH	0x2386030	0x1994140	2	0x238603C	10	SC	Cast	2	0	0	NONE	00000A020000
D2R_PlayerSequenceMirroredBlades_HTH	0x2386030	0x1994140	3	0x2386042	10	SC	Cast	3	0	0	NONE	00000A030000
D2R_PlayerSequenceMirroredBlades_HTH	0x2386030	0x1994140	4	0x2386048	10	SC	Cast	4	0	0	NONE	00000A040000
D2R_PlayerSequenceMirroredBlades_HTH	0x2386030	0x1994140	5	0x238604E	10	SC	Cast	5	0	0	NONE	00000A050000
D2R_PlayerSequenceMirroredBlades_HTH	0x2386030	0x1994140	6	0x2386054	10	SC	Cast	6	0	0	NONE	00000A060000
D2R_PlayerSequenceMirroredBlades_HTH	0x2386030	0x1994140	7	0x238605A	10	SC	Cast	7	0	0	NONE	00000A070000
D2R_PlayerSequenceMirroredBlades_HTH	0x2386030	0x1994140	8	0x2386060	10	SC	Cast	8	0	0	NONE	00000A080000
D2R_PlayerSequenceMirroredBlades_HTH	0x2386030	0x1994140	9	0x2386066	10	SC	Cast	9	0	0	NONE	00000A090000
D2R_PlayerSequenceMirroredBlades_HTH	0x2386030	0x1994140	10	0x238606C	10	SC	Cast	9	0	0	NONE	00000A090000
D2R_PlayerSequenceMirroredBlades_HTH	0x2386030	0x1994140	11	0x2386072	10	SC	Cast	9	0	0	NONE	00000A090000
D2R_PlayerSequenceMirroredBlades_HTH	0x2386030	0x1994140	12	0x2386078	10	SC	Cast	10	0	1	MELEE_ATTACK	00000A0A0001
D2R_PlayerSequenceMirroredBlades_HTH	0x2386030	0x1994140	13	0x238607E	10	SC	Cast	11	0	0	NONE	00000A0B0000
D2R_PlayerSequenceMirroredBlades_HTH	0x2386030	0x1994140	14	0x2386084	10	SC	Cast	12	0	0	NONE	00000A0C0000
D2R_PlayerSequenceMirroredBlades_HTH	0x2386030	0x1994140	15	0x238608A	10	SC	Cast	13	0	0	NONE	00000A0D0000
D2R_PlayerSequenceMirroredBlades_HTH	0x2386030	0x1994140	16	0x2386090	10	SC	Cast	14	0	0	NONE	00000A0E0000
D2R_PlayerSequenceMirroredBlades_1HT	0x23860B0	0x1991790	0	0x23860B0	10	SC	Cast	0	0	0	NONE	00000A000000
D2R_PlayerSequenceMirroredBlades_1HT	0x23860B0	0x1991790	1	0x23860B6	10	SC	Cast	1	0	0	NONE	00000A010000
D2R_PlayerSequenceMirroredBlades_1HT	0x23860B0	0x1991790	2	0x23860BC	10	SC	Cast	2	0	0	NONE	00000A020000
D2R_PlayerSequenceMirroredBlades_1HT	0x23860B0	0x1991790	3	0x23860C2	10	SC	Cast	3	0	0	NONE	00000A030000
D2R_PlayerSequenceMirroredBlades_1HT	0x23860B0	0x1991790	4	0x23860C8	10	SC	Cast	4	0	0	NONE	00000A040000
D2R_PlayerSequenceMirroredBlades_1HT	0x23860B0	0x1991790	5	0x23860CE	10	SC	Cast	5	0	0	NONE	00000A050000
D2R_PlayerSequenceMirroredBlades_1HT	0x23860B0	0x1991790	6	0x23860D4	10	SC	Cast	6	0	0	NONE	00000A060000
D2R_PlayerSequenceMirroredBlades_1HT	0x23860B0	0x1991790	7	0x23860DA	10	SC	Cast	7	0	0	NONE	00000A070000
D2R_PlayerSequenceMirroredBlades_1HT	0x23860B0	0x1991790	8	0x23860E0	10	SC	Cast	8	0	0	NONE	00000A080000
D2R_PlayerSequenceMirroredBlades_1HT	0x23860B0	0x1991790	9	0x23860E6	10	SC	Cast	9	0	0	NONE	00000A090000
D2R_PlayerSequenceMirroredBlades_1HT	0x23860B0	0x1991790	10	0x23860EC	10	SC	Cast	10	0	1	MELEE_ATTACK	00000A0A0001
D2R_PlayerSequenceMirroredBlades_1HT	0x23860B0	0x1991790	11	0x23860F2	10	SC	Cast	11	0	0	NONE	00000A0B0000
D2R_PlayerSequenceMirroredBlades_1HT	0x23860B0	0x1991790	12	0x23860F8	10	SC	Cast	12	0	0	NONE	00000A0C0000
D2R_PlayerSequenceMirroredBlades_1HT	0x23860B0	0x1991790	13	0x23860FE	10	SC	Cast	13	0	0	NONE	00000A0D0000
D2R_PlayerSequenceMirroredBlades_1HT	0x23860B0	0x1991790	14	0x2386104	10	SC	Cast	14	0	0	NONE	00000A0E0000
D2R_PlayerSequenceMirroredBlades_1HT	0x23860B0	0x1991790	15	0x238610A	10	SC	Cast	15	0	0	NONE	00000A0F0000
D2R_PlayerSequenceMirroredBlades_2HT	0x2386110	0x1991C70	0	0x2386110	10	SC	Cast	0	0	0	NONE	00000A000000
D2R_PlayerSequenceMirroredBlades_2HT	0x2386110	0x1991C70	1	0x2386116	10	SC	Cast	1	0	0	NONE	00000A010000
D2R_PlayerSequenceMirroredBlades_2HT	0x2386110	0x1991C70	2	0x238611C	10	SC	Cast	2	0	0	NONE	00000A020000
D2R_PlayerSequenceMirroredBlades_2HT	0x2386110	0x1991C70	3	0x2386122	10	SC	Cast	3	0	0	NONE	00000A030000
D2R_PlayerSequenceMirroredBlades_2HT	0x2386110	0x1991C70	4	0x2386128	10	SC	Cast	4	0	0	NONE	00000A040000
D2R_PlayerSequenceMirroredBlades_2HT	0x2386110	0x1991C70	5	0x238612E	10	SC	Cast	5	0	0	NONE	00000A050000
D2R_PlayerSequenceMirroredBlades_2HT	0x2386110	0x1991C70	6	0x2386134	10	SC	Cast	6	0	0	NONE	00000A060000
D2R_PlayerSequenceMirroredBlades_2HT	0x2386110	0x1991C70	7	0x238613A	10	SC	Cast	7	0	0	NONE	00000A070000
D2R_PlayerSequenceMirroredBlades_2HT	0x2386110	0x1991C70	8	0x2386140	10	SC	Cast	8	0	0	NONE	00000A080000
D2R_PlayerSequenceMirroredBlades_2HT	0x2386110	0x1991C70	9	0x2386146	10	SC	Cast	9	0	0	NONE	00000A090000
D2R_PlayerSequenceMirroredBlades_2HT	0x2386110	0x1991C70	10	0x238614C	10	SC	Cast	10	0	0	NONE	00000A0A0000
D2R_PlayerSequenceMirroredBlades_2HT	0x2386110	0x1991C70	11	0x2386152	10	SC	Cast	11	0	1	MELEE_ATTACK	00000A0B0001
D2R_PlayerSequenceMirroredBlades_2HT	0x2386110	0x1991C70	12	0x2386158	10	SC	Cast	12	0	0	NONE	00000A0C0000
D2R_PlayerSequenceMirroredBlades_2HT	0x2386110	0x1991C70	13	0x238615E	10	SC	Cast	13	0	0	NONE	00000A0D0000
D2R_PlayerSequenceMirroredBlades_2HT	0x2386110	0x1991C70	14	0x2386164	10	SC	Cast	14	0	0	NONE	00000A0E0000
D2R_PlayerSequenceMirroredBlades_2HT	0x2386110	0x1991C70	15	0x238616A	10	SC	Cast	15	0	0	NONE	00000A0F0000
D2R_PlayerSequenceMirroredBlades_2HT	0x2386110	0x1991C70	16	0x2386170	10	SC	Cast	16	0	0	NONE	00000A100000
D2R_PlayerSequenceMirroredBlades_2HT	0x2386110	0x1991C70	17	0x2386176	10	SC	Cast	17	0	0	NONE	00000A110000
D2R_PlayerSequenceMirroredBlades_2HT	0x2386110	0x1991C70	18	0x238617C	10	SC	Cast	18	0	0	NONE	00000A120000
D2R_PlayerSequenceMirroredBlades_2HT	0x2386110	0x1991C70	19	0x2386182	10	SC	Cast	19	0	0	NONE	00000A130000
D2R_PlayerSequenceMirroredBlades_2HT	0x2386110	0x1991C70	20	0x2386188	10	SC	Cast	20	0	0	NONE	00000A140000
D2R_PlayerSequenceMirroredBlades_1HS	0x2386190	0x19914E0	0	0x2386190	10	SC	Cast	0	0	0	NONE	00000A000000
D2R_PlayerSequenceMirroredBlades_1HS	0x2386190	0x19914E0	1	0x2386196	10	SC	Cast	1	0	0	NONE	00000A010000
D2R_PlayerSequenceMirroredBlades_1HS	0x2386190	0x19914E0	2	0x238619C	10	SC	Cast	2	0	0	NONE	00000A020000
D2R_PlayerSequenceMirroredBlades_1HS	0x2386190	0x19914E0	3	0x23861A2	10	SC	Cast	3	0	0	NONE	00000A030000
D2R_PlayerSequenceMirroredBlades_1HS	0x2386190	0x19914E0	4	0x23861A8	10	SC	Cast	4	0	0	NONE	00000A040000
D2R_PlayerSequenceMirroredBlades_1HS	0x2386190	0x19914E0	5	0x23861AE	10	SC	Cast	5	0	0	NONE	00000A050000
D2R_PlayerSequenceMirroredBlades_1HS	0x2386190	0x19914E0	6	0x23861B4	10	SC	Cast	6	0	0	NONE	00000A060000
D2R_PlayerSequenceMirroredBlades_1HS	0x2386190	0x19914E0	7	0x23861BA	10	SC	Cast	7	0	0	NONE	00000A070000
D2R_PlayerSequenceMirroredBlades_1HS	0x2386190	0x19914E0	8	0x23861C0	10	SC	Cast	8	0	0	NONE	00000A080000
D2R_PlayerSequenceMirroredBlades_1HS	0x2386190	0x19914E0	9	0x23861C6	10	SC	Cast	9	0	0	NONE	00000A090000
D2R_PlayerSequenceMirroredBlades_1HS	0x2386190	0x19914E0	10	0x23861CC	10	SC	Cast	10	0	1	MELEE_ATTACK	00000A0A0001
D2R_PlayerSequenceMirroredBlades_1HS	0x2386190	0x19914E0	11	0x23861D2	10	SC	Cast	11	0	0	NONE	00000A0B0000
D2R_PlayerSequenceMirroredBlades_1HS	0x2386190	0x19914E0	12	0x23861D8	10	SC	Cast	12	0	0	NONE	00000A0C0000
D2R_PlayerSequenceMirroredBlades_1HS	0x2386190	0x19914E0	13	0x23861DE	10	SC	Cast	13	0	0	NONE	00000A0D0000
D2R_PlayerSequenceMirroredBlades_1HS	0x2386190	0x19914E0	14	0x23861E4	10	SC	Cast	14	0	0	NONE	00000A0E0000
D2R_PlayerSequenceMirroredBlades_1HS	0x2386190	0x19914E0	15	0x23861EA	10	SC	Cast	15	0	0	NONE	00000A0F0000
D2R_PlayerSequenceMirroredBlades_2HS	0x23861F0	0x1992410	0	0x23861F0	10	SC	Cast	0	0	0	NONE	00000A000000
D2R_PlayerSequenceMirroredBlades_2HS	0x23861F0	0x1992410	1	0x23861F6	10	SC	Cast	1	0	0	NONE	00000A010000
D2R_PlayerSequenceMirroredBlades_2HS	0x23861F0	0x1992410	2	0x23861FC	10	SC	Cast	2	0	0	NONE	00000A020000
D2R_PlayerSequenceMirroredBlades_2HS	0x23861F0	0x1992410	3	0x2386202	10	SC	Cast	3	0	0	NONE	00000A030000
D2R_PlayerSequenceMirroredBlades_2HS	0x23861F0	0x1992410	4	0x2386208	10	SC	Cast	4	0	0	NONE	00000A040000
D2R_PlayerSequenceMirroredBlades_2HS	0x23861F0	0x1992410	5	0x238620E	10	SC	Cast	5	0	0	NONE	00000A050000
D2R_PlayerSequenceMirroredBlades_2HS	0x23861F0	0x1992410	6	0x2386214	10	SC	Cast	6	0	0	NONE	00000A060000
D2R_PlayerSequenceMirroredBlades_2HS	0x23861F0	0x1992410	7	0x238621A	10	SC	Cast	7	0	0	NONE	00000A070000
D2R_PlayerSequenceMirroredBlades_2HS	0x23861F0	0x1992410	8	0x2386220	10	SC	Cast	8	0	0	NONE	00000A080000
D2R_PlayerSequenceMirroredBlades_2HS	0x23861F0	0x1992410	9	0x2386226	10	SC	Cast	9	0	0	NONE	00000A090000
D2R_PlayerSequenceMirroredBlades_2HS	0x23861F0	0x1992410	10	0x238622C	10	SC	Cast	10	0	0	NONE	00000A0A0000
D2R_PlayerSequenceMirroredBlades_2HS	0x23861F0	0x1992410	11	0x2386232	10	SC	Cast	11	0	0	NONE	00000A0B0000
D2R_PlayerSequenceMirroredBlades_2HS	0x23861F0	0x1992410	12	0x2386238	10	SC	Cast	12	0	1	MELEE_ATTACK	00000A0C0001
D2R_PlayerSequenceMirroredBlades_2HS	0x23861F0	0x1992410	13	0x238623E	10	SC	Cast	13	0	0	NONE	00000A0D0000
D2R_PlayerSequenceMirroredBlades_2HS	0x23861F0	0x1992410	14	0x2386244	10	SC	Cast	14	0	0	NONE	00000A0E0000
D2R_PlayerSequenceMirroredBlades_2HS	0x23861F0	0x1992410	15	0x238624A	10	SC	Cast	15	0	0	NONE	00000A0F0000
D2R_PlayerSequenceMirroredBlades_2HS	0x23861F0	0x1992410	16	0x2386250	10	SC	Cast	16	0	0	NONE	00000A100000
D2R_PlayerSequenceMirroredBlades_2HS	0x23861F0	0x1992410	17	0x2386256	10	SC	Cast	17	0	0	NONE	00000A110000
D2R_PlayerSequenceMirroredBlades_2HS	0x23861F0	0x1992410	18	0x238625C	10	SC	Cast	18	0	0	NONE	00000A120000
D2R_PlayerSequenceMirroredBlades_BOW	0x2386270	0x1991E40	0	0x2386270	10	SC	Cast	0	0	0	NONE	00000A000000
D2R_PlayerSequenceMirroredBlades_BOW	0x2386270	0x1991E40	1	0x2386276	10	SC	Cast	1	0	0	NONE	00000A010000
D2R_PlayerSequenceMirroredBlades_BOW	0x2386270	0x1991E40	2	0x238627C	10	SC	Cast	2	0	0	NONE	00000A020000
D2R_PlayerSequenceMirroredBlades_BOW	0x2386270	0x1991E40	3	0x2386282	10	SC	Cast	3	0	0	NONE	00000A030000
D2R_PlayerSequenceMirroredBlades_BOW	0x2386270	0x1991E40	4	0x2386288	10	SC	Cast	4	0	0	NONE	00000A040000
D2R_PlayerSequenceMirroredBlades_BOW	0x2386270	0x1991E40	5	0x238628E	10	SC	Cast	5	0	0	NONE	00000A050000
D2R_PlayerSequenceMirroredBlades_BOW	0x2386270	0x1991E40	6	0x2386294	10	SC	Cast	6	0	0	NONE	00000A060000
D2R_PlayerSequenceMirroredBlades_BOW	0x2386270	0x1991E40	7	0x238629A	10	SC	Cast	7	0	0	NONE	00000A070000
D2R_PlayerSequenceMirroredBlades_BOW	0x2386270	0x1991E40	8	0x23862A0	10	SC	Cast	8	0	0	NONE	00000A080000
D2R_PlayerSequenceMirroredBlades_BOW	0x2386270	0x1991E40	9	0x23862A6	10	SC	Cast	9	0	0	NONE	00000A090000
D2R_PlayerSequenceMirroredBlades_BOW	0x2386270	0x1991E40	10	0x23862AC	10	SC	Cast	10	0	0	NONE	00000A0A0000
D2R_PlayerSequenceMirroredBlades_BOW	0x2386270	0x1991E40	11	0x23862B2	10	SC	Cast	11	0	1	MELEE_ATTACK	00000A0B0001
D2R_PlayerSequenceMirroredBlades_BOW	0x2386270	0x1991E40	12	0x23862B8	10	SC	Cast	12	0	0	NONE	00000A0C0000
D2R_PlayerSequenceMirroredBlades_BOW	0x2386270	0x1991E40	13	0x23862BE	10	SC	Cast	13	0	0	NONE	00000A0D0000
D2R_PlayerSequenceMirroredBlades_BOW	0x2386270	0x1991E40	14	0x23862C4	10	SC	Cast	14	0	0	NONE	00000A0E0000
D2R_PlayerSequenceMirroredBlades_BOW	0x2386270	0x1991E40	15	0x23862CA	10	SC	Cast	15	0	0	NONE	00000A0F0000
D2R_PlayerSequenceMirroredBlades_BOW	0x2386270	0x1991E40	16	0x23862D0	10	SC	Cast	16	0	0	NONE	00000A100000
D2R_PlayerSequenceMirroredBlades_BOW	0x2386270	0x1991E40	17	0x23862D6	10	SC	Cast	17	0	0	NONE	00000A110000
D2R_PlayerSequenceMirroredBlades_STF	0x23862E0	0x1992BF0	0	0x23862E0	10	SC	Cast	0	0	0	NONE	00000A000000
D2R_PlayerSequenceMirroredBlades_STF	0x23862E0	0x1992BF0	1	0x23862E6	10	SC	Cast	1	0	0	NONE	00000A010000
D2R_PlayerSequenceMirroredBlades_STF	0x23862E0	0x1992BF0	2	0x23862EC	10	SC	Cast	2	0	0	NONE	00000A020000
D2R_PlayerSequenceMirroredBlades_STF	0x23862E0	0x1992BF0	3	0x23862F2	10	SC	Cast	3	0	0	NONE	00000A030000
D2R_PlayerSequenceMirroredBlades_STF	0x23862E0	0x1992BF0	4	0x23862F8	10	SC	Cast	4	0	0	NONE	00000A040000
D2R_PlayerSequenceMirroredBlades_STF	0x23862E0	0x1992BF0	5	0x23862FE	10	SC	Cast	5	0	0	NONE	00000A050000
D2R_PlayerSequenceMirroredBlades_STF	0x23862E0	0x1992BF0	6	0x2386304	10	SC	Cast	6	0	0	NONE	00000A060000
D2R_PlayerSequenceMirroredBlades_STF	0x23862E0	0x1992BF0	7	0x238630A	10	SC	Cast	7	0	0	NONE	00000A070000
D2R_PlayerSequenceMirroredBlades_STF	0x23862E0	0x1992BF0	8	0x2386310	10	SC	Cast	8	0	1	MELEE_ATTACK	00000A080001
D2R_PlayerSequenceMirroredBlades_STF	0x23862E0	0x1992BF0	9	0x2386316	10	SC	Cast	9	0	0	NONE	00000A090000
D2R_PlayerSequenceMirroredBlades_STF	0x23862E0	0x1992BF0	10	0x238631C	10	SC	Cast	10	0	0	NONE	00000A0A0000
D2R_PlayerSequenceMirroredBlades_STF	0x23862E0	0x1992BF0	11	0x2386322	10	SC	Cast	11	0	0	NONE	00000A0B0000
D2R_PlayerSequenceMirroredBlades_STF	0x23862E0	0x1992BF0	12	0x2386328	10	SC	Cast	12	0	0	NONE	00000A0C0000
D2R_PlayerSequenceMirroredBlades_STF	0x23862E0	0x1992BF0	13	0x238632E	10	SC	Cast	13	0	0	NONE	00000A0D0000
D2R_PlayerSequenceMirroredBlades_STF	0x23862E0	0x1992BF0	14	0x2386334	10	SC	Cast	14	0	0	NONE	00000A0E0000
D2R_PlayerSequenceMirroredBlades_STF	0x23862E0	0x1992BF0	15	0x238633A	10	SC	Cast	15	0	0	NONE	00000A0F0000
D2R_PlayerSequenceMirroredBlades_STF	0x23862E0	0x1992BF0	16	0x2386340	10	SC	Cast	16	0	0	NONE	00000A100000
